,Open,High,Low,Close,Volume,Adj. Close,Date
2020-10-13,120.17567926536823,121.05903142575225,119.65955880188258,120.14590454101562,13100,120.14590454101562,2020-10-13
2020-10-14,120.42381770763271,120.8099123011481,118.4774653911511,119.073974609375,37800,119.073974609375,2020-10-14
2020-10-15,117.14846287020244,118.3891269395258,116.90926550312611,118.21742248535156,30600,118.21742248535156,2020-10-15
2020-10-16,119.00449733962628,119.51069039293616,117.61485208740234,117.61495208740234,51000,117.61495208740234,2020-10-16
2020-10-19,118.93500600584767,118.93510600584767,115.36685541549569,115.58024597167969,50600,115.58024597167969,2020-10-19
2020-10-20,116.03681500667389,117.20402649635041,115.42144299610842,116.01696014404297,49800,116.01696014404297,2020-10-20
2020-10-21,116.07651603634059,117.11867678243716,115.79860852335798,116.16584777832031,28200,116.16584777832031,2020-10-21
2020-10-22,116.23532262349845,116.4725359913301,114.59764472502488,115.84823608398438,24800,115.84823608398438,2020-10-22
2020-10-23,116.11621697741644,116.12624440917969,114.94502991894021,116.12614440917969,40600,116.12614440917969,2020-10-23
2020-10-26,115.14355066705069,116.10630717637282,112.99868757914784,114.31974792480469,74400,114.31974792480469,2020-10-26
2020-10-27,114.75645525400107,115.58025036039507,114.28003696613393,115.22293853759766,46900,115.22293853759766,2020-10-27
2020-10-28,113.42646424417765,113.42656424417765,110.66722872171543,110.8558120727539,138800,110.8558120727539,2020-10-28
2020-10-29,111.32229307143717,113.81254872261574,111.1644764447789,112.6622085571289,79600,112.6622085571289,2020-10-29
2020-10-30,111.8582590147908,112.16594882448838,108.87074566700093,110.0320053100586,130600,110.0320053100586,2020-10-30
2020-11-02,110.81609937849261,111.40168909563633,108.88065918045716,110.07170104980469,74100,110.07170104980469,2020-11-02
2020-11-03,110.87566199799612,112.78132012852548,110.4786479943661,112.58380889892578,61800,112.58380889892578,2020-11-03
2020-11-04,115.58025209296015,117.66655758657903,115.10384137036334,116.91024780273438,109700,116.91024780273438,2020-11-04
2020-11-05,119.60993474474546,120.3930433004717,119.12358901391006,120.0168685913086,146500,120.0168685913086,2020-11-05
2020-11-06,119.72902845306042,120.31462576214517,118.18564223054574,120.09626770019531,47100,120.09626770019531,2020-11-06
2020-11-09,121.29724208372772,121.79350770434968,117.61485208740234,117.61495208740234,154000,117.61495208740234,2020-11-09
2020-11-10,116.27502078195495,116.80106105745202,114.48945374501805,115.4482421875,84200,115.4482421875,2020-11-10
2020-11-11,116.5926322541707,118.30970685676039,116.59253225417069,118.22038269042969,65800,118.22038269042969,2020-11-11
2020-11-12,118.58762589471671,119.0441893179566,117.1186764514308,117.53553771972656,44900,117.53553771972656,2020-11-12
2020-11-13,118.29979266492437,118.72458982691748,117.41941648662065,118.6571044921875,39900,118.6571044921875,2020-11-13
2020-11-16,118.56777315143263,119.5910710351486,118.14098444366547,119.1732177734375,47000,119.1732177734375,2020-11-16
2020-11-17,119.65954986366408,119.72902673943449,118.96478110595993,119.16328430175781,29000,119.16328430175781,2020-11-17
2020-11-18,118.96477935570636,119.57022393811738,118.51615184132382,118.65510559082031,35200,118.65510559082031,2020-11-18
2020-11-19,118.08142543724162,119.23285756835938,117.92261682748122,119.23275756835938,52700,119.23275756835938,2020-11-19
2020-11-20,119.17322015983119,119.40051368033055,118.49819864501953,118.49829864501953,37000,118.49829864501953,2020-11-20
2020-11-23,118.87545699113132,119.27247098060076,117.47599195445628,118.40897369384766,50500,118.40897369384766,2020-11-23
2020-11-24,118.9052345660223,120.20544794680335,118.18564342575263,120.13597106933594,90900,120.13597106933594,2020-11-24
2020-11-25,120.48336088085551,121.0381839396387,120.28684164323057,120.80990600585938,44200,120.80990600585938,2020-11-25
2020-11-27,121.63470296347951,122.37910137189148,121.50765303167272,121.83320617675781,35500,121.83320617675781,2020-11-27
2020-11-30,122.05153778067289,122.2401210930703,120.23520424074877,122.09123992919922,84000,122.09123992919922,2020-11-30
2020-12-01,123.14334351229014,124.38400749043943,122.75526497093166,123.78849029541016,92800,123.78849029541016,2020-12-01
2020-12-02,123.23266364365064,123.98698181914628,122.51804004799264,123.90757751464844,140900,123.90757751464844,2020-12-02
2020-12-03,124.01675817213969,124.67480829191521,123.80832754939863,124.08623504638672,93200,124.08623504638672,2020-12-03
2020-12-04,124.11603220481634,124.59244295030632,123.84804453461749,124.5130386352539,74300,124.5130386352539,2020-12-04
2020-12-07,124.68175950221088,125.38546368860207,124.54280575401032,124.89019012451172,76700,124.89019012451172,2020-12-07
2020-12-08,125.07877118752258,125.77354753039481,124.37308299943797,125.65940856933594,54800,125.65940856933594,2020-12-08
2020-12-09,125.64452116484044,125.67430346171203,122.4475850708052,122.92498779296875,148700,122.92498779296875,2020-12-09
2020-12-10,122.03170346566624,123.73885827766502,121.52651001060644,123.33192443847656,128300,123.33192443847656,2020-12-10
2020-12-11,122.62723660081147,123.09371991848585,121.69425482063802,123.04409790039062,54200,123.04409790039062,2020-12-11
2020-12-14,123.60983757647975,124.76116984032403,123.60973757647974,123.95722198486328,184100,123.95722198486328,2020-12-14
2020-12-15,124.94975925111792,125.28732381591797,124.06640703879472,125.28722381591797,64300,125.28722381591797,2020-12-15
2020-12-16,125.49564445013915,126.28966484833684,125.0390810173828,125.9621353149414,84900,125.9621353149414,2020-12-16
2020-12-17,126.6668247518718,126.83257726781697,126.15070432691908,126.80577850341797,57900,126.80577850341797,2020-12-17
2020-12-18,127.15317777173308,127.15327777173309,125.42617553427898,126.47825622558594,84300,126.47825622558594,2020-12-18
2020-12-21,125.38071897123803,126.32514727600443,124.05851327682673,126.14620208740234,85100,126.14620208740234,2020-12-21
2020-12-22,126.50409939055383,126.91169973650256,125.54972752731635,126.49415588378906,59000,126.49415588378906,2020-12-22
2020-12-23,126.75262926781666,126.75272926781666,125.86784681538771,125.91755676269531,69000,125.91755676269531,2020-12-23
2020-12-24,126.21579523654816,126.62339557237205,126.02591294389184,126.44445037841797,32000,126.44445037841797,2020-12-24
2020-12-28,127.67716535989923,127.90482689749781,126.82221346158997,127.72687530517578,59200,127.72687530517578,2020-12-28
2020-12-29,128.32338156782987,128.5321421289836,127.50221927623458,127.87602233886719,66600,127.87602233886719,2020-12-29
2020-12-30,128.6017173315607,128.6018173315607,127.58769212666665,127.77658081054688,89900,127.77658081054688,2020-12-30
2020-12-31,128.0251150910676,128.24681506770852,127.44355274385853,128.15435791015625,73500,128.15435791015625,2020-12-31
2021-01-04,128.8403232747604,128.8404232747604,124.71464043542805,126.33509063720703,160800,126.33509063720703,2021-01-04
2021-01-05,126.01697300842167,127.41870406713252,126.01687300842167,127.34414672851562,66600,127.34414672851562,2021-01-05
2021-01-06,125.62925160805595,127.32922708137747,125.02282667734987,125.58948516845703,469300,125.58948516845703,2021-01-06
2021-01-07,126.83217167635325,128.97353741599736,126.83207167635325,128.70115661621094,97100,128.70115661621094,2021-01-07
2021-01-08,129.75493124108058,130.4309379833593,128.7409059583163,130.3712921142578,78400,130.3712921142578,2021-01-08
2021-01-11,129.2280400147177,129.54615637511677,128.20606598789755,128.4227752685547,69500,128.4227752685547,2021-01-11
2021-01-12,128.532110255029,128.87012874293862,127.19996882114462,128.38299560546875,122100,128.38299560546875,2021-01-12
2021-01-13,128.24383073179433,129.3870836201923,128.16429785365472,129.0789031982422,56600,129.0789031982422,2021-01-13
2021-01-14,129.50637652996878,129.65151681145326,128.2438168760979,128.38299560546875,90000,128.38299560546875,2021-01-14
2021-01-15,128.07483012560016,128.74090092007756,126.96139257634972,127.34911346435547,102700,127.34911346435547,2021-01-15
2021-01-19,128.44265520375308,129.41690641355672,128.0420176217815,129.26779174804688,82300,129.26779174804688,2021-01-19
2021-01-20,130.91806245225786,132.62798137590707,130.67946382244222,132.28997802734375,120500,132.28997802734375,2021-01-20
2021-01-21,132.91628825784892,133.58434628585817,132.2701044277595,133.3636474609375,159700,133.3636474609375,2021-01-21
2021-01-22,132.82681740298472,133.34377356069308,132.70752566249297,132.99581909179688,124900,132.99581909179688,2021-01-22
2021-01-25,134.51684229050545,134.884668583647,131.47478171534033,133.84083557128906,155200,133.84083557128906,2021-01-25
2021-01-26,134.46713998262436,134.56854706400503,133.6817774060616,134.24842834472656,75600,134.24842834472656,2021-01-26
2021-01-27,133.4531281730894,133.4532281730894,129.73504554478754,130.67947387695312,148600,130.67947387695312,2021-01-27
2021-01-28,131.13678444516069,133.27417568414424,130.84648866411834,131.3057861328125,88600,131.3057861328125,2021-01-28
2021-01-29,130.7391191206777,130.8782978724426,127.83623717719122,128.61166381835938,119300,128.61166381835938,2021-01-29
2021-02-01,130.14264175231997,132.1010953154208,129.20814937163075,131.76307678222656,131300,131.76307678222656,2021-02-01
2021-02-02,133.03558072248555,134.24841536628657,132.96598376745249,133.92532348632812,111600,133.92532348632812,2021-02-02
2021-02-03,134.90454779590587,134.90464779590587,133.4331275390625,133.4332275390625,93100,133.4332275390625,2021-02-03
2021-02-04,134.07941654352587,134.87473015141566,133.38352282512682,134.85484313964844,76200,134.85484313964844,2021-02-04
2021-02-05,135.46127490591857,135.77443088736274,134.68584827060255,135.39169311523438,182400,135.39169311523438,2021-02-05
2021-02-08,136.1969507361776,136.315256473615,135.40163704107505,136.23670959472656,105200,136.23670959472656,2021-02-08
2021-02-09,136.03786173698424,136.75364242343366,136.03776173698424,136.2068634033203,101700,136.2068634033203,2021-02-09
2021-02-10,136.84310178712832,136.91269873459433,134.70571096501487,135.8688507080078,104500,135.8688507080078,2021-02-10
2021-02-11,136.76360581943356,136.83318760861204,135.69987061464815,136.63336181640625,136200,136.63336181640625,2021-02-11
2021-02-12,136.22676139955954,137.4794701171875,135.94840390675333,137.4793701171875,87100,137.4793701171875,2021-02-12
2021-02-16,137.92674483563184,138.11561835892263,136.63237490587846,137.1016082763672,106500,137.1016082763672,2021-02-16
2021-02-17,135.9683030096906,136.45542108074488,134.90456772024703,136.42559814453125,105000,136.42559814453125,2021-02-17
2021-02-18,135.03381346711637,136.09753361013924,134.2056884575203,135.8489990234375,99800,135.8489990234375,2021-02-18
2021-02-19,136.53494060069642,136.53504060069642,134.90455451345687,135.1630401611328,93500,135.1630401611328,2021-02-19
2021-02-22,133.50283178481806,133.82096333676517,131.7034438059907,131.77304077148438,156800,131.77304077148438,2021-02-22
2021-02-23,129.59587810604134,131.98180411868154,127.13538716508498,131.3853302001953,210100,131.3853302001953,2021-02-23
2021-02-24,130.1426554506433,132.5186455078821,129.09284559243346,132.45899963378906,163900,132.45899963378906,2021-02-24
2021-02-25,131.40517914946838,132.30984854629202,127.21986584922308,127.77658081054688,250600,127.77658081054688,2021-02-25
2021-02-26,129.0560415132039,130.21221867064438,127.13934164620848,128.95960998535156,178100,128.95960998535156,2021-02-26
2021-03-01,130.46076338347825,132.31981229857115,130.00842864178153,132.18063354492188,91900,132.18063354492188,2021-03-01
2021-03-02,132.5882222600466,132.5883222600466,130.03319467773437,130.03329467773438,93700,130.03329467773438,2021-03-02
2021-03-03,129.55611147533355,129.8444049099084,126.3051749633789,126.3052749633789,142900,126.3052749633789,2021-03-03
2021-03-04,126.2754431267629,127.44852662041548,122.63690090437582,124.17781829833984,206300,124.17781829833984,2021-03-04
2021-03-05,125.66902112149731,126.45339008043533,121.6129351992702,126.23567962646484,223100,126.23567962646484,2021-03-05
2021-03-08,126.01697742192663,126.63333833520869,122.51760623659742,122.52754974365234,160400,122.52754974365234,2021-03-08
2021-03-09,125.60937572781405,128.1344879810826,125.34096171757469,127.4883041381836,169500,127.4883041381836,2021-03-09
2021-03-10,129.24791114132717,129.24801114132717,126.75262954228292,126.95145416259766,177200,126.95145416259766,2021-03-10
2021-03-11,129.18824549911497,130.6098708970019,128.73889919549654,130.0133819580078,144500,130.0133819580078,2021-03-11
2021-03-12,128.1841922256257,128.90990892246907,127.27753556599001,128.86019897460938,119700,128.86019897460938,2021-03-12
2021-03-15,129.08885410362893,130.33152688025476,128.533125134248,130.27186584472656,91200,130.27186584472656,2021-03-15
2021-03-16,131.15664931903544,132.40927319641835,130.40807245528455,130.95782470703125,144600,130.95782470703125,2021-03-16
2021-03-17,129.75493502043636,132.13092494804434,129.01926721828224,131.48472595214844,69200,131.48472595214844,2021-03-17
2021-03-18,129.59586515031933,129.85433563888927,127.27952116686139,127.51811981201172,155600,127.51811981201172,2021-03-18
2021-03-19,127.51814134333756,128.58186158104715,126.51405939997584,128.025146484375,128400,128.025146484375,2021-03-19
2021-03-22,129.10708423652346,131.16745449423152,128.89805368302655,130.3711700439453,74100,130.3711700439453,2021-03-22
2021-03-23,130.84894761147353,131.28688962324676,129.56493535000882,129.6943359375,91100,129.6943359375,2021-03-23
2021-03-24,130.5105130377181,130.51061303771812,127.60408782958983,127.60408782958984,130400,127.60408782958984,2021-03-24
2021-03-25,126.81776640001478,127.84297745747287,125.77264405553811,127.38511657714844,165200,127.38511657714844,2021-03-25
2021-03-26,127.32539892909917,129.33611379394532,126.7580487135597,129.3360137939453,76200,129.3360137939453,2021-03-26
2021-03-29,128.9079848948317,129.61270162921744,127.85988581890011,129.0572967529297,151900,129.0572967529297,2021-03-29
2021-03-30,128.40035973470188,128.72384597553113,127.44481549122686,128.60939025878906,106300,128.60939025878906,2021-03-30
2021-03-31,129.3957161432684,131.10274059961026,129.36585680841807,130.61004638671875,159400,130.61004638671875,2021-03-31
2021-04-01,132.03340796767668,132.7998330933501,131.94382995227488,132.7699737548828,99100,132.7699737548828,2021-04-01
2021-04-05,133.9245935728636,135.6365999586151,133.7852449222961,135.46739196777344,166500,135.46739196777344,2021-04-05
2021-04-06,135.38773988295887,136.08448302198747,135.01944943329556,135.26332092285156,75600,135.26332092285156,2021-04-06
2021-04-07,135.24839486252435,135.98494540577371,134.84029701740081,135.63658142089844,139000,135.63658142089844,2021-04-07
2021-04-08,136.9106384019238,137.08979442956567,136.5423479208889,137.04002380371094,99800,137.04002380371094,2021-04-08
2021-04-09,136.54234483949034,137.95475528121585,136.21389212955918,137.85621643066406,89100,137.85621643066406,2021-04-09
2021-04-12,137.57752663614528,137.87613521290422,136.98030948262735,137.74673461914062,94400,137.74673461914062,2021-04-12
2021-04-13,138.3738006157398,139.43881906036606,138.35388932870268,139.3193817138672,73400,139.3193817138672,2021-04-13
2021-04-14,139.50850223028831,139.50860223028832,137.30876822261976,137.61732482910156,164200,137.61732482910156,2021-04-14
2021-04-15,138.83166469190195,139.84692777962977,138.83156469190195,139.6876678466797,148200,139.6876678466797,2021-04-15
2021-04-16,139.95640420667425,139.98626354287194,139.1750494711576,139.93649291992188,64800,139.93649291992188,2021-04-16
2021-04-19,139.27955902706975,139.66776077860087,137.85621335623685,138.6724090576172,88000,138.6724090576172,2021-04-19
2021-04-20,138.45344649335442,138.7898728624357,136.79320035955683,137.60739135742188,94300,137.60739135742188,2021-04-20
2021-04-21,137.07983067561423,138.8366257332024,136.86085209722978,138.75201416015625,92000,138.75201416015625,2021-04-21
2021-04-22,138.71221867802151,138.99091594935692,136.66179652982714,137.19927978515625,95300,137.19927978515625,2021-04-22
2021-04-23,137.53769096251457,139.35918640064938,137.48594591779948,138.8515625,77100,138.8515625,2021-04-23
2021-04-26,139.0406842719025,139.82700544846767,138.66742737670106,139.74737548828125,71000,139.74737548828125,2021-04-26
2021-04-27,139.93650573411423,139.93660573411424,138.7619979018228,139.0406951904297,86000,139.0406951904297,2021-04-27
2021-04-28,139.02076805322105,139.36914721819534,138.45342549032912,138.60272216796875,98000,138.60272216796875,2021-04-28
2021-04-29,140.13556475241458,140.195298614602,137.84626790135007,139.1402130126953,105500,139.1402130126953,2021-04-29
2021-04-30,138.1448545511695,139.06059147247234,137.92189674434414,138.18467712402344,151000,138.18467712402344,2021-04-30
2021-05-03,138.7719433505306,139.06060387194518,137.32868630704624,137.49789428710938,155700,137.49789428710938,2021-05-03
2021-05-04,136.4328637903661,136.4329637903661,133.47666804841245,135.1787109375,179900,135.1787109375,2021-05-04
2021-05-05,136.04466688000045,136.2337861383605,134.23313463290006,134.60140991210938,100600,134.60140991210938,2021-05-05
2021-05-06,134.50187966077152,135.64652803704962,133.60605402085417,135.61666870117188,96900,135.61666870117188,2021-05-06
2021-05-07,136.91065128132973,137.6472019369628,136.3383269998174,136.79119873046875,177400,136.79119873046875,2021-05-07
2021-05-10,136.18404676343314,136.18414676343315,133.15816864853267,133.3174285888672,169000,133.3174285888672,2021-05-10
2021-05-11,130.8290357974645,133.39704512219842,130.49061984923955,133.1282958984375,145000,133.1282958984375,2021-05-11
2021-05-12,131.02810074149326,131.85922611624022,129.30614650629622,129.65451049804688,210800,129.65451049804688,2021-05-12
2021-05-13,130.82902496752854,131.7447466746145,129.66446534478246,130.61004638671875,105100,130.61004638671875,2021-05-13
2021-05-14,132.14290785917376,133.87482556835835,131.82440316071535,133.56626892089844,106100,133.56626892089844,2021-05-14
2021-05-17,132.84959737681976,133.01880534934264,131.59545965748785,132.68038940429688,70800,132.68038940429688,2021-05-17
2021-05-18,133.2377939509889,133.58617315978293,131.74466623535156,131.74476623535156,95200,131.74476623535156,2021-05-18
2021-05-19,129.61470406490847,132.03350148925782,129.5599518218297,132.0334014892578,100500,132.0334014892578,2021-05-19
2021-05-20,132.59081773724168,134.841294510978,132.59071773724168,134.49192810058594,73700,134.49192810058594,2021-05-20
2021-05-21,135.29816598641898,135.29826598641898,133.62598221424756,133.7056121826172,177600,133.7056121826172,2021-05-21
2021-05-24,134.74076585779633,136.49259471419998,134.651187842511,135.9949188232422,115900,135.9949188232422,2021-05-24
2021-05-25,136.6717538210127,136.96041434946866,135.76101360272042,136.2537078857422,166100,136.2537078857422,2021-05-25
2021-05-26,136.49259900431417,136.8608743150821,136.2039384732825,136.7016143798828,111300,136.7016143798828,2021-05-26
2021-05-27,136.5722277532987,136.81110246610285,136.15317941905536,136.2537078857422,83100,136.2537078857422,2021-05-27
2021-05-28,136.83100719879172,137.26796200284159,136.48262800882665,136.5921173095703,193900,136.5921173095703,2021-05-28
2021-06-01,137.20924660434542,137.31873590578965,135.68635962198832,136.174072265625,118900,136.174072265625,2021-06-01
2021-06-02,136.303473133695,136.76331605041113,135.69630794951027,136.39305114746094,93100,136.39305114746094,2021-06-02
2021-06-03,135.25835589290534,135.65948254798403,134.37249339581047,134.95974731445312,83500,134.95974731445312,2021-06-03
2021-06-04,135.78588982666778,137.46803678749237,135.78578982666778,137.30877685546875,93100,137.30877685546875,2021-06-04
2021-06-07,137.12961715942123,137.71687105672387,136.88077921773072,137.68701171875,100000,137.68701171875,2021-06-07
2021-06-08,138.39370440687853,138.76696132329522,137.07984795878042,137.70692443847656,69600,137.70692443847656,2021-06-08
2021-06-09,138.35389018123874,138.642535499677,137.74274579983194,137.82635498046875,138600,137.82635498046875,2021-06-09
2021-06-10,138.05528167970448,139.22980461680433,137.8263550347934,139.22482299804688,90800,139.22482299804688,2021-06-10
2021-06-11,139.34925868315628,139.57221652502602,139.05065009126244,139.5682373046875,71400,139.5682373046875,2021-06-11
2021-06-14,139.7971614112608,140.84537587890625,139.40897480528267,140.84527587890625,60700,140.84527587890625,2021-06-14
2021-06-15,140.9517812192345,140.9518812192345,139.7971693860982,140.07586669921875,60300,140.07586669921875,2021-06-15
2021-06-16,140.30479957973,140.64321555428666,138.05529474068794,139.51846313476562,134300,139.51846313476562,2021-06-16
2021-06-17,139.180034893286,141.66841423017263,139.179934893286,141.2802276611328,136500,141.2802276611328,2021-06-17
2021-06-18,140.77256823400876,140.95173941808747,139.92652849432034,140.1355438232422,94400,140.1355438232422,2021-06-18
2021-06-21,140.32693988935185,141.1043180104015,139.34026063993244,141.0345458984375,99800,141.0345458984375,2021-06-21
2021-06-22,141.07440266731976,142.51952770393248,140.93487366807827,142.3600616455078,95700,142.3600616455078,2021-06-22
2021-06-23,142.4597317339033,142.88827965745924,142.24744995729165,142.3600616455078,106500,142.3600616455078,2021-06-23
2021-06-24,143.27696523313202,143.8948923928242,142.99790724134328,143.2371063232422,252000,143.2371063232422,2021-06-24
2021-06-25,143.61584938558784,143.61594938558784,142.9181891258037,143.137451171875,70300,143.137451171875,2021-06-25
2021-06-28,143.73543437811182,144.9154619576237,143.73533437811182,144.89154052734375,159900,144.89154052734375,2021-06-28
2021-06-29,144.91146986501877,145.39982900695168,144.51281989314978,145.35997009277344,85600,145.35997009277344,2021-06-29
2021-06-30,145.39982250994322,145.4596184822995,144.99119642214737,145.2403564453125,88000,145.2403564453125,2021-06-30
2021-07-01,145.10082744064087,145.359963597546,144.5128134357762,145.2403564453125,278300,145.2403564453125,2021-07-01
2021-07-02,146.0675713602371,147.01437641851297,145.97787740058934,146.87484741210938,148500,146.87484741210938,2021-07-02
2021-07-06,147.23363719460585,147.60140067503082,146.0277111940791,147.46287536621094,104100,147.46287536621094,2021-07-06
2021-07-07,148.63891650451595,148.63901650451595,147.07419932279956,147.7519073486328,214500,147.7519073486328,2021-07-07
2021-07-08,145.6390296938142,147.28347985500736,145.2005055954902,146.9446258544922,288600,146.9446258544922,2021-07-08
2021-07-09,146.72535124812933,148.0209863711508,146.46124223981315,147.84158325195312,191300,147.84158325195312,2021-07-09
2021-07-12,148.50933515709752,148.61896617590435,147.79175307172932,148.4495391845703,162800,148.4495391845703,2021-07-12
2021-07-13,148.28010913351653,149.64550116978273,148.1864308061598,148.4395751953125,259600,148.4395751953125,2021-07-13
2021-07-14,149.4063302398677,149.67541213402015,148.4495489936487,148.67877197265625,258800,148.67877197265625,2021-07-14
2021-07-15,148.6488740378502,148.708685221872,146.85990677246156,147.64227294921875,281000,147.64227294921875,2021-07-15
2021-07-16,148.00106674463572,148.41965379537444,146.33667946877378,146.46624755859375,207900,146.46624755859375,2021-07-16
2021-07-19,145.03107070072298,145.4297206552149,144.26365357042897,145.29019165039062,329600,145.29019165039062,2021-07-19
2021-07-20,145.69883179253628,147.5625440812146,144.97128871202628,146.96456909179688,195700,146.96456909179688,2021-07-20
2021-07-21,146.8349919080256,148.05089408099337,146.7951177866868,148.02099609375,203800,148.02099609375,2021-07-21
2021-07-22,148.22030898361766,149.06755910644532,148.22020898361765,149.0674591064453,171800,149.0674591064453,2021-07-22
2021-07-23,149.70532821362877,150.91125431589714,149.20700812334744,150.71192932128906,189800,150.71192932128906,2021-07-23
2021-07-26,150.52256887326814,151.08068495460023,150.2205930959654,150.9212188720703,288500,150.9212188720703,2021-07-26
2021-07-27,150.81158912364256,150.81168912364257,147.54259556371147,149.29669189453125,321400,149.29669189453125,2021-07-27
2021-07-28,149.7252383651717,150.46275751585097,148.82826835578214,149.83486938476562,328000,149.83486938476562,2021-07-28
2021-07-29,149.70532035769236,150.56243147629937,149.65150093914494,150.09400939941406,197700,150.09400939941406,2021-07-29
2021-07-30,148.46947583725517,149.5558098885746,148.4395778510736,149.3365478515625,202900,149.3365478515625,2021-07-30
2021-08-02,150.0641029905373,150.22355384439464,149.09736090377427,149.3265838623047,257600,149.3265838623047,2021-08-02
2021-08-03,149.68538066419416,150.27339467972155,148.3299495052964,150.23353576660156,446300,150.23353576660156,2021-08-03
2021-08-04,150.24349126286012,150.8414813906957,149.82989232316365,150.46275329589844,287800,150.46275329589844,2021-08-04
2021-08-05,150.83150807817955,151.4892941895973,150.5424891424165,151.40956115722656,176900,151.40956115722656,2021-08-05
2021-08-06,150.94113406415792,151.25009004959284,150.35312007849012,150.75177001953125,186700,150.75177001953125,2021-08-06
2021-08-09,150.99097909896213,151.24013913047855,150.49265903592925,151.0308380126953,135400,151.0308380126953,2021-08-09
2021-08-10,151.2500916716653,151.35873419891564,149.76510769896916,150.263427734375,255300,150.263427734375,2021-08-10
2021-08-11,150.78167799762622,150.9411440676193,149.44618387835757,149.9943389892578,190100,149.9943389892578,2021-08-11
2021-08-12,149.77507856398285,150.67204860422765,149.226923447157,150.54249572753906,173900,150.54249572753906,2021-08-12
2021-08-13,150.70195419974846,151.19029810941336,150.48269216407493,151.0607452392578,161100,151.0607452392578,2021-08-13
2021-08-16,150.64213712946164,151.15043328661045,148.95782822313643,151.1404571533203,346400,151.1404571533203,2021-08-16
2021-08-17,149.98736122484556,150.378042457544,148.78840021332562,149.8049774169922,381100,149.8049774169922,2021-08-17
2021-08-18,149.5059811571699,150.1259005672323,148.2302830011378,148.36981201171875,207400,148.36981201171875,2021-08-18
2021-08-19,147.5326249180903,149.72025712052815,147.44293096367898,149.0674591064453,344500,149.0674591064453,2021-08-19
2021-08-20,149.5657988897074,150.78168591657808,149.43623080009303,150.6122589111328,224800,150.6122589111328,2021-08-20
2021-08-23,151.0607474722625,153.13873356751722,151.0606474722625,152.8447265625,409000,152.8447265625,2021-08-23
2021-08-24,153.1237738769642,153.58621935314386,152.9344098377196,153.35299682617188,208200,153.35299682617188,2021-08-24
2021-08-25,153.4925536092412,153.75168979723287,153.15369958689197,153.44273376464844,296200,153.44273376464844,2021-08-25
2021-08-26,153.2334331446362,153.44273428121696,152.38628287838844,152.55572509765625,341400,152.55572509765625,2021-08-26
2021-08-27,152.7849249425322,154.21011293528028,152.60552182299605,154.0107879638672,224400,154.0107879638672,2021-08-27
2021-08-30,154.35962327560665,155.9492654488372,154.35952327560665,155.75491333007812,822800,155.75491333007812,2021-08-30
2021-08-31,155.8545982807246,155.8546982807246,154.9775500442918,155.60543823242188,277800,155.60543823242188,2021-08-31
2021-09-01,156.1037377381943,156.741586769413,155.81470360407553,155.8844757080078,376700,155.8844757080078,2021-09-01
2021-09-02,156.45256471874214,156.5920937298626,155.33633262977852,155.82469177246094,330600,155.82469177246094,2021-09-02
2021-09-03,155.40609697273322,156.42267422101324,155.40599697273322,156.29312133789062,214500,156.29312133789062,2021-09-03
2021-09-07,156.33297169501256,156.7814567128543,155.85458868981613,156.51235961914062,293900,156.51235961914062,2021-09-07
2021-09-08,156.42267022219286,156.42277022219287,155.0273800798485,155.98414611816406,348100,155.98414611816406,2021-09-08
2021-09-09,156.05391666587454,156.50240169231267,155.34629546736676,155.43600463867188,317100,155.43600463867188,2021-09-09
2021-09-10,156.18349367348333,156.44261465283276,154.1304020708618,154.2799072265625,344400,154.2799072265625,2021-09-10
2021-09-13,155.2466275514553,155.40607840451796,153.2832454021458,154.1602783203125,335200,154.1602783203125,2021-09-13
2021-09-14,154.78816821671876,155.04730437003929,153.3231060841723,153.72177124023438,326700,153.72177124023438,2021-09-14
2021-09-15,153.91112945758067,154.98750263324263,152.9842614273705,154.8380126953125,445500,154.8380126953125,2021-09-15
2021-09-16,154.30978280381655,155.18683092580306,153.4925306524163,154.9476318359375,446100,154.9476318359375,2021-09-16
2021-09-17,154.63867038094756,154.63877038094756,152.71514721916307,153.15367126464844,358200,153.15367126464844,2021-09-17
2021-09-20,150.745190466663,151.55333951165125,148.0114532254895,150.0567626953125,1770000,150.0567626953125,2021-09-20
2021-09-21,150.9147926789057,151.20413937348076,149.71753433409526,150.1066436767578,992800,150.1066436767578,2021-09-21
2021-09-22,150.60552354169047,152.15198942986964,150.1066645599532,151.52342224121094,403500,151.52342224121094,2021-09-22
2021-09-23,152.05218707383906,153.36918188118318,151.8426748606487,152.90025329589844,319200,152.90025329589844,2021-09-23
2021-09-24,151.98237622329674,153.24948227477847,151.85266801891828,153.08984375,330300,153.08984375,2021-09-24
2021-09-27,151.76287005118388,152.21184006042378,150.82501279136855,151.87261962890625,488600,151.87261962890625,2021-09-27
2021-09-28,149.9270624847034,150.1834645184335,147.41280929193758,147.71212768554688,844100,147.71212768554688,2021-09-28
2021-09-29,148.09125263636102,148.9492905932394,147.12348033138417,147.33299255371094,666800,147.33299255371094,2021-09-29
2021-09-30,148.0413826933291,148.6998649185202,146.66452715853882,146.77427673339844,1045300,146.77427673339844,2021-09-30
2021-10-01,147.06361727859462,148.1212110760236,145.347541215404,147.6921844482422,786500,147.6921844482422,2021-10-01
2021-10-04,146.97381602024018,147.0636069741934,143.6514137082734,144.67906188964844,1071800,144.67906188964844,2021-10-04
2021-10-05,145.05819475672453,147.4626983818038,144.95841688409553,146.5447998046875,1172800,146.5447998046875,2021-10-05
2021-10-06,145.1579811002042,147.60238688260145,144.8387040683324,147.5425262451172,729900,147.5425262451172,2021-10-06
2021-10-07,148.82958213431309,149.9470213468195,148.56019402988122,148.8395538330078,369000,148.8395538330078,2021-10-07
2021-10-08,149.378327327181,149.37842732718102,147.8917221544422,148.11122131347656,449300,148.11122131347656,2021-10-08
2021-10-11,147.4527085309522,148.91935493046063,146.95384962564907,146.98379516601562,498100,146.98379516601562,2021-10-11
2021-10-12,147.56246143794118,147.73208686667206,146.20556457585585,146.4849395751953,307700,146.4849395751953,2021-10-12
2021-10-13,147.46269887838565,147.86177992231373,146.58470231298472,147.6123504638672,302100,147.6123504638672,2021-10-13
2021-10-14,149.14884152130156,150.40596048653148,148.88942514627863,150.34609985351562,232300,150.34609985351562,2021-10-14
2021-10-15,150.95472474746742,151.343834128357,150.42593546636024,151.31390380859375,201400,151.31390380859375,2021-10-15
2021-10-18,150.77511002252118,152.9002538216956,150.56559780861036,152.8204345703125,314300,152.8204345703125,2021-10-18
2021-10-19,153.33926769336315,153.9877782438791,153.00004725844613,153.907958984375,306400,153.907958984375,2021-10-19
2021-10-20,154.17734045766622,154.39683960587945,153.199581212695,153.75830078125,241200,153.75830078125,2021-10-20
2021-10-21,153.44899668594758,154.79590654646816,153.44889668594757,154.72607421875,217200,154.72607421875,2021-10-21
2021-10-22,154.14740480995235,154.56545491409545,152.80047964921107,153.40908813476562,201300,153.40908813476562,2021-10-22
2021-10-25,154.01770888544206,155.3446755325355,153.2993507723694,154.9954833984375,269200,154.9954833984375,2021-10-25
2021-10-26,155.95328122668207,156.91109710132636,155.02541089484038,155.41452026367188,269900,155.41452026367188,2021-10-26
2021-10-27,155.6539598712458,157.11063466423207,155.55419721833525,155.853515625,332400,155.853515625,2021-10-27
2021-10-28,156.58184926237192,157.64939949618562,156.38230872767437,157.5496368408203,261600,157.5496368408203,2021-10-28
2021-10-29,156.1927343199763,158.3976822692798,156.112915064151,158.38771057128906,302800,158.38771057128906,2021-10-29
2021-11-01,158.60721420423735,158.9234921151024,157.6793286499984,158.8566436767578,406400,158.8566436767578,2021-11-01
2021-11-02,158.67704965399787,159.74461512483975,158.61718901525293,159.52511596679688,299700,159.52511596679688,2021-11-02
2021-11-03,159.79449247725327,161.41079050202563,159.34552249525717,161.26113891601562,340400,161.26113891601562,2021-11-03
2021-11-04,161.77995036021642,163.68559519077465,161.59039674856157,163.30645751953125,837700,163.30645751953125,2021-11-04
2021-11-05,164.02482228745737,164.4039599741104,162.94730031564848,163.4561309814453,522500,163.4561309814453,2021-11-05
2021-11-08,163.4760680871615,163.86517742131582,162.97720918573467,163.24658203125,264900,163.24658203125,2021-11-08
2021-11-09,163.75544298089778,163.8552056360194,161.5504797343636,162.13912963867188,527100,162.13912963867188,2021-11-09
2021-11-10,160.93189261888128,162.10919237707756,158.9564155340612,159.75457763671875,553600,159.75457763671875,2021-11-10
2021-11-11,161.0416469963154,161.0417469963154,160.03394219210074,160.18360900878906,268600,160.18360900878906,2021-11-11
2021-11-12,160.67246983693957,162.06827912717748,160.02395934835852,161.85975646972656,264200,161.85975646972656,2021-11-12
2021-11-15,162.36861015465283,162.48833142628507,160.80218580562126,161.829833984375,333100,161.829833984375,2021-11-15
2021-11-16,161.5704250271351,163.17675131456718,161.55046640817037,163.00714111328125,237800,163.00714111328125,2021-11-16
2021-11-17,163.15679997003312,163.89511666498916,162.70782997908628,163.05702209472656,374200,163.05702209472656,2021-11-17
2021-11-18,163.9649530415442,164.9626709233459,163.01712409862589,164.7332000732422,358000,164.7332000732422,2021-11-18
2021-11-19,165.491453773679,166.1998401408694,165.12230304337808,165.69100952148438,3670700,165.69100952148438,2021-11-19
2021-11-22,166.43930291054122,167.52681173854987,163.72550907758816,163.80531311035156,2194000,163.80531311035156,2021-11-22
2021-11-23,163.27652152402158,164.11461609573573,161.16136453476292,163.01712036132812,658000,163.01712036132812,2021-11-23
2021-11-24,161.9795046582024,163.65566339686572,161.03166048863673,163.5259552001953,499300,163.5259552001953,2021-11-24
2021-11-26,162.4783692125106,163.02710188883327,159.90425515439628,160.43304443359375,421500,160.43304443359375,2021-11-26
2021-11-29,162.35862471284455,164.31415843647486,162.0792649271783,163.8851318359375,457400,163.8851318359375,2021-11-29
2021-11-30,163.50600228552628,164.46380287358662,160.7423196432919,161.52053833007812,929700,161.52053833007812,2021-11-30
2021-12-01,163.4062348196966,164.22437079706785,158.60721420423735,158.8566436767578,1008800,158.8566436767578,2021-12-01
2021-12-02,158.27796577925324,160.65253923390262,157.62945523903454,159.94415283203125,1156200,159.94415283203125,2021-12-02
2021-12-03,160.55275695242474,160.87203397661628,155.43445943510665,157.1804656982422,1172300,157.1804656982422,2021-12-03
2021-12-06,157.2403334673206,158.93645070515532,155.63400717893208,158.39767456054688,757200,158.39767456054688,2021-12-06
2021-12-07,161.2611333469091,163.4062205334583,161.22222089109712,163.24658203125,504900,163.24658203125,2021-12-07
2021-12-08,163.33639893950226,163.9749377663399,162.54819329801995,163.925048828125,507000,163.925048828125,2021-12-08
2021-12-09,163.42619029507503,164.12060108066595,161.42076763126596,161.59039306640625,522400,161.59039306640625,2021-12-09
2021-12-10,162.7377740443244,163.3663412191286,161.3509467146211,163.2765350341797,562200,163.2765350341797,2021-12-10
2021-12-13,163.29649452173464,163.33641176502755,160.7523107126657,160.9019775390625,389100,160.9019775390625,2021-12-13
2021-12-14,158.85663305162964,159.99403076128945,157.41991695017177,159.30560302734375,525200,159.30560302734375,2021-12-14
2021-12-15,159.19585342585304,162.97320859800206,157.48976447368875,162.7477264404297,497900,162.7477264404297,2021-12-15
2021-12-16,163.32641623743748,163.4461527370402,157.99860633610638,158.75686645507812,620800,158.75686645507812,2021-12-16
2021-12-17,157.1804685850126,159.56501371635926,156.5978017067316,157.88885498046875,526100,157.88885498046875,2021-12-17
2021-12-20,155.9804256305548,156.59958883406426,155.0516655869759,156.3798828125,768200,156.3798828125,2021-12-20
2021-12-21,157.8179510037589,159.9550788999331,156.23008815437785,159.78530883789062,526200,159.78530883789062,2021-12-21
2021-12-22,159.6554837917146,161.8625251494551,159.43577776557518,161.74269104003906,436300,161.74269104003906,2021-12-22
2021-12-23,161.95239218147003,163.60018729052265,161.92243365569763,163.03094482421875,370300,163.03094482421875,2021-12-23
2021-12-27,163.61016894591526,165.6973608528729,163.5202933682907,165.67738342285156,329200,165.67738342285156,2021-12-27
2021-12-28,166.14676265291828,166.15675898760796,164.5888582728392,164.96835327148438,478600,164.96835327148438,2021-12-28
2021-12-29,165.06820203704686,165.49763297360883,163.93972866821335,164.9283905029297,284000,164.9283905029297,2021-12-29
2021-12-30,164.8285295360997,165.6773798145907,164.1694115045792,164.28924560546875,259300,164.28924560546875,2021-12-30
2021-12-31,164.22933742932744,164.64877204341946,163.20072070560576,163.33055114746094,356900,163.33055114746094,2021-12-31
2022-01-03,163.88979143097046,165.05821965088342,163.03094480287453,165.01828002929688,629800,165.01828002929688,2022-01-03
2022-01-04,165.1780564324885,165.1781564324885,161.52297908463652,162.8511962890625,506700,162.8511962890625,2022-01-04
2022-01-05,162.23202327039635,162.58155973944545,157.7280802262147,157.9377899169922,971500,157.9377899169922,2022-01-05
2022-01-06,157.0140325308191,159.0562866033859,156.130210322293,157.748046875,922500,157.748046875,2022-01-06
2022-01-07,157.64318267437744,158.40715557224053,155.2913469281423,156.06031799316406,581900,156.06031799316406,2022-01-07
2022-01-10,153.93817221993453,156.30998544053116,151.67621201066657,156.21011352539062,1057000,156.21011352539062,2022-01-10
2022-01-11,155.8755652673516,158.50702402739998,154.9717656152803,158.3971710205078,597800,158.3971710205078,2022-01-11
2022-01-12,159.56559853627337,160.23469767047501,158.14750578699787,159.1461639404297,426300,159.1461639404297,2022-01-12
2022-01-13,159.59555574970628,159.8951562409355,154.71211802910605,155.26138305664062,905400,155.26138305664062,2022-01-13
2022-01-14,154.1328979575922,156.20012767928262,154.00308275783485,156.07029724121094,1127900,156.07029724121094,2022-01-14
2022-01-18,153.78337898100986,154.47244032662536,151.8659570995562,152.4152069091797,915300,152.4152069091797,2022-01-18
2022-01-19,152.8745994076337,153.82332165197548,150.41789352558396,150.5776824951172,816800,150.5776824951172,2022-01-19
2022-01-20,151.82600159746886,153.55367597885368,148.34067907010683,148.61032104492188,970900,148.61032104492188,2022-01-20
2022-01-21,147.69156203331414,148.7301598666161,144.3260887426509,144.4459228515625,1898100,144.4459228515625,2022-01-21
2022-01-24,141.84940005023122,145.36468108250358,137.25558160188353,145.0550994873047,3964600,145.0550994873047,2022-01-24
2022-01-25,142.34375193033372,144.1563190235716,140.35141843497956,141.6297149658203,1627800,141.6297149658203,2022-01-25
2022-01-26,145.11502424672787,146.47320004235507,139.96194414817327,141.61972045898438,4649100,141.61972045898438,2022-01-26
2022-01-27,143.52715343831338,144.21123184676105,139.68231338776843,140.17166137695312,956300,140.17166137695312,2022-01-27
2022-01-28,140.92065339950335,144.56574958384172,138.81348407487732,144.48585510253906,914100,144.48585510253906,2022-01-28
2022-01-31,145.0850584323669,149.33933677170518,144.40597818781666,149.10964965820312,815000,149.10964965820312,2022-01-31
2022-02-01,149.69884787154362,150.38792442066207,147.52277094885977,150.1382598876953,1068300,150.1382598876953,2022-02-01
2022-02-02,151.9208727169706,151.98578793555512,149.64893149639747,151.35662841796875,962000,151.35662841796875,2022-02-02
2022-02-03,147.18224975382068,148.62031999371305,144.76549874890173,145.2847900390625,1426300,145.2847900390625,2022-02-03
2022-02-04,145.50449385194597,148.4305702447498,144.62967745356,146.95254516601562,1146800,146.95254516601562,2022-02-04
2022-02-07,147.33203501559646,148.23082125139805,145.3446998198666,145.90396118164062,583100,145.90396118164062,2022-02-07
2022-02-08,145.44457505640756,147.9412204777537,144.91528744614735,147.54176330566406,563700,147.54176330566406,2022-02-08
2022-02-09,149.3892731500831,150.637595872251,148.74015142988156,150.59765625,665600,150.59765625,2022-02-09
2022-02-10,147.7215091597058,150.51674925020535,146.46320539830253,147.32205200195312,1175700,147.32205200195312,2022-02-10
2022-02-11,147.30208716646175,147.86133333045484,142.01919189768932,142.61837768554688,934500,142.61837768554688,2022-02-11
2022-02-14,142.30879347578212,144.1263587138639,141.2701956528174,142.7981414794922,863600,142.7981414794922,2022-02-14
2022-02-15,144.9751996574358,146.3533527602632,144.5258065442615,146.24349975585938,402100,146.24349975585938,2022-02-15
2022-02-16,145.32473610007906,146.652953248484,144.0564360016555,146.24349975585938,674600,146.24349975585938,2022-02-16
2022-02-17,144.9152859991374,145.1549694429865,141.7105923340166,141.9193115234375,544300,141.9193115234375,2022-02-17
2022-02-18,142.32876962529014,142.42862630138535,139.32279871833939,140.3214569091797,594000,140.3214569091797,2022-02-18
2022-02-22,139.02321360635034,141.28017563436617,137.38541478108334,138.91336059570312,987200,138.91336059570312,2022-02-22
2022-02-23,140.2215970556939,140.48124269363558,135.1883513544547,135.28822326660156,1381100,135.28822326660156,2022-02-23
2022-02-24,130.9740086951362,140.08178127517675,130.70238575036186,139.7821807861328,2256600,139.7821807861328,2022-02-24
2022-02-25,140.136709563612,142.10906561373764,138.66369785428216,142.0491485595703,1045700,142.0491485595703,2022-02-25
2022-02-28,140.69096321139708,143.14765369486662,140.22159266796007,142.598388671875,770000,142.598388671875,2022-02-28
2022-03-01,142.00919301886847,142.95791526138277,139.25290187214685,140.23158264160156,828600,140.23158264160156,2022-03-01
2022-03-02,140.9306374008413,143.09772382154424,139.7722054938549,142.64833068847656,828300,142.64833068847656,2022-03-02
2022-03-03,143.7268890757254,143.7269890757254,139.82213178153768,140.6310577392578,800800,140.6310577392578,2022-03-03
2022-03-04,139.6124161243507,140.1616811690964,137.61509977132224,138.59378051757812,700100,138.59378051757812,2022-03-04
2022-03-07,138.40403111046794,139.01321319924344,133.35781763161097,133.4706573486328,1087000,133.4706573486328,2022-03-07
2022-03-08,133.19103974870322,136.8361513351286,131.41342936521585,132.86148071289062,1688100,132.86148071289062,2022-03-08
2022-03-09,136.36677564828184,138.10443110502527,135.18835108819047,137.5252227783203,686500,137.5252227783203,2022-03-09
2022-03-10,135.93734848294582,136.53654949463612,134.19969297801046,136.09713745117188,707800,136.09713745117188,2022-03-10
2022-03-11,137.355437787408,137.43533226948384,133.08118204539346,133.30088806152344,592000,133.30088806152344,2022-03-11
2022-03-14,132.75162113478964,134.12977426396424,130.4247610450207,130.74432373046875,966200,130.74432373046875,2022-03-14
2022-03-15,131.8628242129142,135.08850122406793,131.133807981536,134.83883666992188,865700,134.83883666992188,2022-03-15
2022-03-16,136.68634345947666,139.81214851321138,134.92970099728512,139.7322540283203,1140800,139.7322540283203,2022-03-16
2022-03-17,138.99324340352052,141.46003041992188,138.46395576728688,141.45993041992188,757900,141.45993041992188,2022-03-17
2022-03-18,140.89069795464053,144.49785081552074,140.311474381266,144.38600158691406,883400,144.38600158691406,2022-03-18
2022-03-21,144.13999938964844,144.91000366210938,142.13999938964844,144.02999877929688,832600,144.02999877929688,2022-03-21
2022-03-22,144.27000427246094,147.27999877929688,144.02999877929688,146.82000732421875,523100,146.82000732421875,2022-03-22
2022-03-23,145.6699981689453,147.0800018310547,144.6999969482422,144.72999572753906,813900,144.72999572753906,2022-03-23
2022-03-24,145.5,147.9199981689453,144.6699981689453,147.8800048828125,511500,147.8800048828125,2022-03-24
2022-03-25,147.9199981689453,148.30999755859375,145.97999572753906,147.82000732421875,442400,147.82000732421875,2022-03-25
2022-03-28,147.8000030517578,150.11000061035156,147.30999755859375,150.02999877929688,637900,150.02999877929688,2022-03-28
2022-03-29,151.83999633789062,152.9199981689453,150.6199951171875,152.6699981689453,2558300,152.6699981689453,2022-03-29
2022-03-30,151.9600067138672,152.5399932861328,150.3800048828125,151.0500030517578,541700,151.0500030517578,2022-03-30
2022-03-31,151.07000732421875,151.1699981689453,148.75999450683594,148.97000122070312,714800,148.97000122070312,2022-03-31
2022-04-01,149.22000122070312,149.52000427246094,147.49000549316406,148.83999633789062,453500,148.83999633789062,2022-04-01
2022-04-04,149.2100067138672,151.89999389648438,149.07000732421875,151.8699951171875,486800,151.8699951171875,2022-04-04
2022-04-05,151.35000610351562,151.5500030517578,148.1300048828125,148.52000427246094,484500,148.52000427246094,2022-04-05
2022-04-06,146.36000061035156,146.67999267578125,144.1999969482422,145.24000549316406,1162600,145.24000549316406,2022-04-06
2022-04-07,144.9499969482422,146.55999755859375,143.41000366210938,145.6199951171875,714900,145.6199951171875,2022-04-07
2022-04-08,144.88999938964844,145.2100067138672,143.3800048828125,143.66000366210938,667800,143.66000366210938,2022-04-08
2022-04-11,141.77000427246094,142.1649932861328,140.0800018310547,140.33999633789062,678300,140.33999633789062,2022-04-11
2022-04-12,142.16000366210938,142.9199981689453,139.0500030517578,139.6300048828125,1009400,139.6300048828125,2022-04-12
2022-04-13,139.75,142.86000061035156,139.47999572753906,142.47000122070312,574500,142.47000122070312,2022-04-13
2022-04-14,142.52999877929688,142.61000061035156,139.11000061035156,139.2100067138672,409100,139.2100067138672,2022-04-14
2022-04-18,138.7899932861328,140.25,138.11500549316406,139.38999938964844,482400,139.38999938964844,2022-04-18
2022-04-19,139.0399932861328,142.63999938964844,138.69000244140625,142.41000366210938,448800,142.41000366210938,2022-04-19
2022-04-20,142.8300018310547,142.9199981689453,139.83999633789062,140.36000061035156,517700,140.36000061035156,2022-04-20
2022-04-21,142.07000732421875,143.0399932861328,137.07000732421875,137.50999450683594,423783,137.50999450683594,2022-04-21
