,Open,High,Low,Close,Volume,Adj. Close,Date Time
2022-03-14 09:30:00,20.040000915527344,20.389999389648438,18.010000228881836,20.31839942932129,6582951,20.31839942932129,2022-03-14 09:30:00
2022-03-14 09:45:00,20.309999465942383,20.93000030517578,19.899999618530273,20.719999313354492,2588638,20.719999313354492,2022-03-14 09:45:00
2022-03-14 10:00:00,20.719999313354492,21.440000534057617,20.550100326538086,21.25,1810542,21.25,2022-03-14 10:00:00
2022-03-14 10:15:00,21.25,21.799999237060547,21.110000610351562,21.356000900268555,1538637,21.356000900268555,2022-03-14 10:15:00
2022-03-14 10:30:00,21.350000381469727,21.5,21.149999618530273,21.299999237060547,1377675,21.299999237060547,2022-03-14 10:30:00
2022-03-14 10:45:00,21.29840087890625,21.43000030517578,21.100000381469727,21.235000610351562,1231181,21.235000610351562,2022-03-14 10:45:00
2022-03-14 11:00:00,21.229999542236328,21.280000686645508,21.030000686645508,21.104999542236328,1164779,21.104999542236328,2022-03-14 11:00:00
2022-03-14 11:15:00,21.104999542236328,21.1200008392334,20.899999618530273,21.100000381469727,1293960,21.100000381469727,2022-03-14 11:15:00
2022-03-14 11:30:00,21.104999542236328,21.149900436401367,20.6018009185791,20.649999618530273,980377,20.649999618530273,2022-03-14 11:30:00
2022-03-14 11:45:00,20.645000457763672,20.655000686645508,20.290000915527344,20.34000015258789,877392,20.34000015258789,2022-03-14 11:45:00
2022-03-14 12:00:00,20.34000015258789,20.549999237060547,20.200000762939453,20.482500076293945,771809,20.482500076293945,2022-03-14 12:00:00
2022-03-14 12:15:00,20.489999771118164,20.850000381469727,20.459999084472656,20.760000228881836,463093,20.760000228881836,2022-03-14 12:15:00
2022-03-14 12:30:00,20.739999771118164,20.81999969482422,20.43000030517578,20.43000030517578,477942,20.43000030517578,2022-03-14 12:30:00
2022-03-14 12:45:00,20.440000534057617,20.459999084472656,20.06999969482422,20.09000015258789,624031,20.09000015258789,2022-03-14 12:45:00
2022-03-14 13:00:00,20.084999084472656,20.170000076293945,20.0,20.07469940185547,631427,20.07469940185547,2022-03-14 13:00:00
2022-03-14 13:15:00,20.06999969482422,20.229999542236328,19.90999984741211,19.924999237060547,581928,19.924999237060547,2022-03-14 13:15:00
2022-03-14 13:30:00,19.93000030517578,19.934999465942383,19.760000228881836,19.829099655151367,508708,19.829099655151367,2022-03-14 13:30:00
2022-03-14 13:45:00,19.815000534057617,20.139999389648438,19.770000457763672,19.979999542236328,429207,19.979999542236328,2022-03-14 13:45:00
2022-03-14 14:00:00,19.979999542236328,20.09000015258789,19.899999618530273,19.899999618530273,338189,19.899999618530273,2022-03-14 14:00:00
2022-03-14 14:15:00,19.899999618530273,19.905000686645508,19.700000762939453,19.719999313354492,406080,19.719999313354492,2022-03-14 14:15:00
2022-03-14 14:30:00,19.719999313354492,19.809999465942383,19.61039924621582,19.6299991607666,385226,19.6299991607666,2022-03-14 14:30:00
2022-03-14 14:45:00,19.6299991607666,19.729999542236328,19.56999969482422,19.65999984741211,616237,19.65999984741211,2022-03-14 14:45:00
2022-03-14 15:00:00,19.674999237060547,19.809999465942383,19.510000228881836,19.565000534057617,472899,19.565000534057617,2022-03-14 15:00:00
2022-03-14 15:15:00,19.56999969482422,19.65999984741211,19.510000228881836,19.530000686645508,607723,19.530000686645508,2022-03-14 15:15:00
2022-03-14 15:30:00,19.53499984741211,19.54520034790039,19.344999313354492,19.444400787353516,898766,19.444400787353516,2022-03-14 15:30:00
2022-03-14 15:45:00,19.44499969482422,19.790000915527344,19.440000534057617,19.739999771118164,3372810,19.739999771118164,2022-03-14 15:45:00
2022-03-15 09:30:00,19.200000762939453,20.579999923706055,19.049999237060547,19.260000228881836,3456376,19.260000228881836,2022-03-15 09:30:00
2022-03-15 09:45:00,19.270000457763672,19.329999923706055,18.829999923706055,19.079999923706055,1534996,19.079999923706055,2022-03-15 09:45:00
2022-03-15 10:00:00,19.06999969482422,19.56999969482422,18.90999984741211,19.420000076293945,1155101,19.420000076293945,2022-03-15 10:00:00
2022-03-15 10:15:00,19.40999984741211,20.899999618530273,19.34280014038086,20.899999618530273,2128799,20.899999618530273,2022-03-15 10:15:00
2022-03-15 10:30:00,20.90999984741211,21.579999923706055,20.81999969482422,21.579999923706055,2151698,21.579999923706055,2022-03-15 10:30:00
2022-03-15 10:45:00,21.600000381469727,21.899999618530273,21.049999237060547,21.184999465942383,2597800,21.184999465942383,2022-03-15 10:45:00
2022-03-15 11:00:00,21.184999465942383,21.68000030517578,21.1299991607666,21.610000610351562,1468005,21.610000610351562,2022-03-15 11:00:00
2022-03-15 11:15:00,21.6299991607666,21.75,20.93000030517578,21.05500030517578,935412,21.05500030517578,2022-03-15 11:15:00
2022-03-15 11:30:00,21.049999237060547,21.079999923706055,20.850000381469727,20.954999923706055,1023564,20.954999923706055,2022-03-15 11:30:00
2022-03-15 11:45:00,20.950000762939453,21.079999923706055,20.729999542236328,21.06999969482422,696544,21.06999969482422,2022-03-15 11:45:00
2022-03-15 12:00:00,21.06999969482422,21.56999969482422,21.040000915527344,21.56999969482422,740020,21.56999969482422,2022-03-15 12:00:00
2022-03-15 12:15:00,21.572399139404297,21.799999237060547,21.350799560546875,21.3799991607666,726923,21.3799991607666,2022-03-15 12:15:00
2022-03-15 12:30:00,21.389999389648438,21.43000030517578,21.06999969482422,21.084999084472656,362745,21.084999084472656,2022-03-15 12:30:00
2022-03-15 12:45:00,21.088699340820312,21.1200008392334,20.989999771118164,21.06999969482422,282713,21.06999969482422,2022-03-15 12:45:00
2022-03-15 13:00:00,21.06999969482422,21.15999984741211,20.920000076293945,20.94499969482422,284651,20.94499969482422,2022-03-15 13:00:00
2022-03-15 13:15:00,20.95639991760254,21.049999237060547,20.8700008392334,20.889999389648438,284283,20.889999389648438,2022-03-15 13:15:00
2022-03-15 13:30:00,20.889999389648438,21.15999984741211,20.83049964904785,20.96500015258789,368325,20.96500015258789,2022-03-15 13:30:00
2022-03-15 13:45:00,20.96500015258789,21.118999481201172,20.834999084472656,21.081300735473633,271410,21.081300735473633,2022-03-15 13:45:00
2022-03-15 14:00:00,21.079999923706055,21.229700088500977,20.920000076293945,20.979999542236328,312608,20.979999542236328,2022-03-15 14:00:00
2022-03-15 14:15:00,20.975000381469727,21.1200008392334,20.930099487304688,21.075000762939453,200325,21.075000762939453,2022-03-15 14:15:00
2022-03-15 14:30:00,21.06999969482422,21.259899139404297,21.03499984741211,21.239999771118164,254757,21.239999771118164,2022-03-15 14:30:00
2022-03-15 14:45:00,21.235000610351562,21.360000610351562,21.235000610351562,21.34000015258789,255882,21.34000015258789,2022-03-15 14:45:00
2022-03-15 15:00:00,21.334999084472656,21.334999084472656,21.170000076293945,21.209999084472656,241840,21.209999084472656,2022-03-15 15:00:00
2022-03-15 15:15:00,21.219999313354492,21.389999389648438,21.200000762939453,21.344999313354492,206005,21.344999313354492,2022-03-15 15:15:00
2022-03-15 15:30:00,21.344999313354492,21.450000762939453,21.1299991607666,21.15999984741211,424156,21.15999984741211,2022-03-15 15:30:00
2022-03-15 15:45:00,21.170000076293945,21.34000015258789,21.120100021362305,21.2450008392334,826166,21.2450008392334,2022-03-15 15:45:00
2022-03-16 09:30:00,25.709999084472656,26.040000915527344,24.520000457763672,25.260000228881836,7453171,25.260000228881836,2022-03-16 09:30:00
2022-03-16 09:45:00,25.2549991607666,26.350000381469727,24.850000381469727,26.260000228881836,3741074,26.260000228881836,2022-03-16 09:45:00
2022-03-16 10:00:00,26.260000228881836,26.719999313354492,25.850000381469727,26.579999923706055,2210636,26.579999923706055,2022-03-16 10:00:00
2022-03-16 10:15:00,26.600000381469727,27.309999465942383,26.59000015258789,26.860000610351562,2016735,26.860000610351562,2022-03-16 10:15:00
2022-03-16 10:30:00,26.8799991607666,27.43000030517578,26.709999084472656,26.860000610351562,1222527,26.860000610351562,2022-03-16 10:30:00
2022-03-16 10:45:00,26.854999542236328,26.899999618530273,26.219999313354492,26.559999465942383,1024520,26.559999465942383,2022-03-16 10:45:00
2022-03-16 11:00:00,26.56999969482422,27.170000076293945,26.530000686645508,27.0,882407,27.0,2022-03-16 11:00:00
2022-03-16 11:15:00,27.010000228881836,27.209999084472656,26.889999389648438,27.084999084472656,657545,27.084999084472656,2022-03-16 11:15:00
2022-03-16 11:30:00,27.09000015258789,27.399799346923828,26.684999465942383,26.8700008392334,846368,26.8700008392334,2022-03-16 11:30:00
2022-03-16 11:45:00,26.850000381469727,26.920000076293945,26.559999465942383,26.579999923706055,456396,26.579999923706055,2022-03-16 11:45:00
2022-03-16 12:00:00,26.579999923706055,26.75,26.469999313354492,26.520200729370117,623187,26.520200729370117,2022-03-16 12:00:00
2022-03-16 12:15:00,26.540000915527344,26.760000228881836,26.350000381469727,26.405000686645508,599840,26.405000686645508,2022-03-16 12:15:00
2022-03-16 12:30:00,26.389999389648438,26.729400634765625,26.31999969482422,26.68000030517578,497177,26.68000030517578,2022-03-16 12:30:00
2022-03-16 12:45:00,26.68000030517578,26.69499969482422,26.299999237060547,26.489999771118164,684956,26.489999771118164,2022-03-16 12:45:00
2022-03-16 13:00:00,26.5,26.639999389648438,26.299999237060547,26.329999923706055,528542,26.329999923706055,2022-03-16 13:00:00
2022-03-16 13:15:00,26.322500228881836,26.450000762939453,26.149999618530273,26.434999465942383,396117,26.434999465942383,2022-03-16 13:15:00
2022-03-16 13:30:00,26.459999084472656,26.65999984741211,26.31999969482422,26.420000076293945,311841,26.420000076293945,2022-03-16 13:30:00
2022-03-16 13:45:00,26.420000076293945,26.670000076293945,26.3799991607666,26.579999923706055,370371,26.579999923706055,2022-03-16 13:45:00
2022-03-16 14:00:00,26.549999237060547,26.709999084472656,25.91119956970215,26.010000228881836,987103,26.010000228881836,2022-03-16 14:00:00
2022-03-16 14:15:00,26.030000686645508,26.399999618530273,25.992000579833984,26.190000534057617,578163,26.190000534057617,2022-03-16 14:15:00
2022-03-16 14:30:00,26.149999618530273,26.726499557495117,25.712400436401367,26.639999389648438,1181060,26.639999389648438,2022-03-16 14:30:00
2022-03-16 14:45:00,26.65730094909668,27.31999969482422,26.52750015258789,27.094999313354492,823438,27.094999313354492,2022-03-16 14:45:00
2022-03-16 15:00:00,27.09000015258789,27.269899368286133,26.860000610351562,27.219999313354492,457842,27.219999313354492,2022-03-16 15:00:00
2022-03-16 15:15:00,27.202299118041992,27.56999969482422,27.110000610351562,27.520000457763672,888005,27.520000457763672,2022-03-16 15:15:00
2022-03-16 15:30:00,27.520000457763672,27.579999923706055,27.170000076293945,27.565000534057617,849605,27.565000534057617,2022-03-16 15:30:00
2022-03-16 15:45:00,27.56879997253418,27.844999313354492,27.459999084472656,27.530000686645508,1623159,27.530000686645508,2022-03-16 15:45:00
2022-03-17 09:30:00,25.280000686645508,25.81999969482422,24.899999618530273,25.045000076293945,3786762,25.045000076293945,2022-03-17 09:30:00
2022-03-17 09:45:00,25.270000457763672,25.639999389648438,24.610000610351562,25.610000610351562,1400044,25.610000610351562,2022-03-17 09:45:00
2022-03-17 10:00:00,25.600000381469727,25.790000915527344,25.0,25.049999237060547,1574090,25.049999237060547,2022-03-17 10:00:00
2022-03-17 10:15:00,25.04199981689453,25.219999313354492,24.860000610351562,25.139999389648438,1294688,25.139999389648438,2022-03-17 10:15:00
2022-03-17 10:30:00,25.139999389648438,25.155000686645508,24.600200653076172,24.721099853515625,1153470,24.721099853515625,2022-03-17 10:30:00
2022-03-17 10:45:00,24.726699829101562,24.729999542236328,24.450000762939453,24.5049991607666,1087011,24.5049991607666,2022-03-17 10:45:00
2022-03-17 11:00:00,24.5,24.6299991607666,24.25,24.354999542236328,819954,24.354999542236328,2022-03-17 11:00:00
2022-03-17 11:15:00,24.359699249267578,24.77989959716797,24.350000381469727,24.47010040283203,542035,24.47010040283203,2022-03-17 11:15:00
2022-03-17 11:30:00,24.469999313354492,24.66710090637207,24.399999618530273,24.475000381469727,458243,24.475000381469727,2022-03-17 11:30:00
2022-03-17 11:45:00,24.478599548339844,24.479999542236328,24.15999984741211,24.2549991607666,850204,24.2549991607666,2022-03-17 11:45:00
2022-03-17 12:00:00,24.29990005493164,24.3700008392334,23.890100479125977,23.90999984741211,1139096,23.90999984741211,2022-03-17 12:00:00
2022-03-17 12:15:00,23.905000686645508,24.041500091552734,23.799999237060547,24.032800674438477,1087457,24.032800674438477,2022-03-17 12:15:00
2022-03-17 12:30:00,24.040000915527344,24.469999313354492,24.000099182128906,24.420000076293945,813995,24.420000076293945,2022-03-17 12:30:00
2022-03-17 12:45:00,24.43000030517578,24.450000762939453,24.171100616455078,24.320100784301758,662729,24.320100784301758,2022-03-17 12:45:00
2022-03-17 13:00:00,24.320100784301758,24.469999313354492,24.200000762939453,24.360000610351562,545208,24.360000610351562,2022-03-17 13:00:00
2022-03-17 13:15:00,24.358299255371094,24.690000534057617,24.25,24.604999542236328,692206,24.604999542236328,2022-03-17 13:15:00
2022-03-17 13:30:00,24.610000610351562,24.770000457763672,24.59000015258789,24.719999313354492,480586,24.719999313354492,2022-03-17 13:30:00
2022-03-17 13:45:00,24.711000442504883,24.989999771118164,24.700000762939453,24.829999923706055,564739,24.829999923706055,2022-03-17 13:45:00
2022-03-17 14:00:00,24.81999969482422,24.8794002532959,24.639999389648438,24.854999542236328,472819,24.854999542236328,2022-03-17 14:00:00
2022-03-17 14:15:00,24.854999542236328,24.969999313354492,24.760099411010742,24.850000381469727,388898,24.850000381469727,2022-03-17 14:15:00
2022-03-17 14:30:00,24.850000381469727,25.059999465942383,24.764999389648438,25.045000076293945,355266,25.045000076293945,2022-03-17 14:30:00
2022-03-17 14:45:00,25.045000076293945,25.045000076293945,24.900100708007812,25.00189971923828,294395,25.00189971923828,2022-03-17 14:45:00
2022-03-17 15:00:00,25.0,25.049999237060547,24.75,24.844999313354492,563148,24.844999313354492,2022-03-17 15:00:00
2022-03-17 15:15:00,24.84000015258789,24.8700008392334,24.719999313354492,24.829999923706055,353431,24.829999923706055,2022-03-17 15:15:00
2022-03-17 15:30:00,24.829999923706055,25.0,24.795000076293945,24.975000381469727,493636,24.975000381469727,2022-03-17 15:30:00
2022-03-17 15:45:00,24.979999542236328,25.030000686645508,24.889999389648438,24.969999313354492,1312617,24.969999313354492,2022-03-17 15:45:00
2022-03-18 09:30:00,25.309999465942383,26.299999237060547,24.969999313354492,26.280000686645508,2157741,26.280000686645508,2022-03-18 09:30:00
2022-03-18 09:45:00,26.270000457763672,27.790000915527344,26.267200469970703,27.479999542236328,2803571,27.479999542236328,2022-03-18 09:45:00
2022-03-18 10:00:00,27.479999542236328,28.6200008392334,27.049999237060547,28.190099716186523,2786299,28.190099716186523,2022-03-18 10:00:00
2022-03-18 10:15:00,28.200000762939453,28.520000457763672,27.219999313354492,27.648500442504883,1968762,27.648500442504883,2022-03-18 10:15:00
2022-03-18 10:30:00,27.6299991607666,27.690000534057617,26.739999771118164,27.399999618530273,1735641,27.399999618530273,2022-03-18 10:30:00
2022-03-18 10:45:00,27.389999389648438,28.219999313354492,27.3799991607666,28.049999237060547,1432134,28.049999237060547,2022-03-18 10:45:00
2022-03-18 11:00:00,28.030000686645508,28.280000686645508,27.960100173950195,28.019699096679688,831841,28.019699096679688,2022-03-18 11:00:00
2022-03-18 11:15:00,28.014999389648438,28.100000381469727,27.690000534057617,27.9862003326416,996806,27.9862003326416,2022-03-18 11:15:00
2022-03-18 11:30:00,27.989999771118164,28.639999389648438,27.981399536132812,28.549999237060547,1278584,28.549999237060547,2022-03-18 11:30:00
2022-03-18 11:45:00,28.559999465942383,28.799999237060547,28.440000534057617,28.764999389648438,984388,28.764999389648438,2022-03-18 11:45:00
2022-03-18 12:00:00,28.764999389648438,29.079999923706055,28.649999618530273,29.059900283813477,950179,29.059900283813477,2022-03-18 12:00:00
2022-03-18 12:15:00,29.05970001220703,29.639999389648438,29.010000228881836,29.625,1302456,29.625,2022-03-18 12:15:00
2022-03-18 12:30:00,29.59000015258789,29.625,29.25,29.331499099731445,881848,29.331499099731445,2022-03-18 12:30:00
2022-03-18 12:45:00,29.34000015258789,29.3799991607666,29.059999465942383,29.325000762939453,551221,29.325000762939453,2022-03-18 12:45:00
2022-03-18 13:00:00,29.325000762939453,29.440000534057617,29.03499984741211,29.084999084472656,440490,29.084999084472656,2022-03-18 13:00:00
2022-03-18 13:15:00,29.09000015258789,29.280000686645508,29.079999923706055,29.25979995727539,243683,29.25979995727539,2022-03-18 13:15:00
2022-03-18 13:30:00,29.259899139404297,29.350000381469727,29.021400451660156,29.040000915527344,357424,29.040000915527344,2022-03-18 13:30:00
2022-03-18 13:45:00,29.037500381469727,29.18000030517578,28.920000076293945,29.020000457763672,391869,29.020000457763672,2022-03-18 13:45:00
2022-03-18 14:00:00,29.010000228881836,29.040000915527344,28.66010093688965,28.770000457763672,583999,28.770000457763672,2022-03-18 14:00:00
2022-03-18 14:15:00,28.780000686645508,28.98270034790039,28.579999923706055,28.729999542236328,750602,28.729999542236328,2022-03-18 14:15:00
2022-03-18 14:30:00,28.729999542236328,29.075000762939453,28.600000381469727,29.000099182128906,425618,29.000099182128906,2022-03-18 14:30:00
2022-03-18 14:45:00,29.010000228881836,29.149999618530273,28.920000076293945,28.924999237060547,295414,28.924999237060547,2022-03-18 14:45:00
2022-03-18 15:00:00,28.92009925842285,28.979999542236328,28.829999923706055,28.851600646972656,333026,28.851600646972656,2022-03-18 15:00:00
2022-03-18 15:15:00,28.850000381469727,28.940000534057617,28.700000762939453,28.90999984741211,333161,28.90999984741211,2022-03-18 15:15:00
2022-03-18 15:30:00,28.920000076293945,28.975000381469727,28.65999984741211,28.7549991607666,429658,28.7549991607666,2022-03-18 15:30:00
2022-03-18 15:45:00,28.7549991607666,28.8799991607666,28.68000030517578,28.75,1212355,28.75,2022-03-18 15:45:00
2022-03-21 09:30:00,27.709999084472656,28.790000915527344,27.467599868774414,28.18000030517578,2177193,28.18000030517578,2022-03-21 09:30:00
2022-03-21 09:45:00,28.184999465942383,28.190000534057617,27.329999923706055,27.70989990234375,1301504,27.70989990234375,2022-03-21 09:45:00
2022-03-21 10:00:00,27.68000030517578,27.686899185180664,27.020000457763672,27.209999084472656,845581,27.209999084472656,2022-03-21 10:00:00
2022-03-21 10:15:00,27.209999084472656,27.209999084472656,26.610000610351562,26.6299991607666,736971,26.6299991607666,2022-03-21 10:15:00
2022-03-21 10:30:00,26.6200008392334,27.1200008392334,26.454999923706055,27.010000228881836,1008973,27.010000228881836,2022-03-21 10:30:00
2022-03-21 10:45:00,27.020000457763672,27.540000915527344,27.00749969482422,27.260000228881836,636597,27.260000228881836,2022-03-21 10:45:00
2022-03-21 11:00:00,27.25,27.3700008392334,27.010000228881836,27.309999465942383,383016,27.309999465942383,2022-03-21 11:00:00
2022-03-21 11:15:00,27.299999237060547,27.75,27.151199340820312,27.6299991607666,440526,27.6299991607666,2022-03-21 11:15:00
2022-03-21 11:30:00,27.639999389648438,27.68000030517578,27.261999130249023,27.479999542236328,322065,27.479999542236328,2022-03-21 11:30:00
2022-03-21 11:45:00,27.47010040283203,27.799999237060547,27.459999084472656,27.69499969482422,323224,27.69499969482422,2022-03-21 11:45:00
2022-03-21 12:00:00,27.700000762939453,27.739999771118164,27.479999542236328,27.6299991607666,285975,27.6299991607666,2022-03-21 12:00:00
2022-03-21 12:15:00,27.6299991607666,27.748199462890625,27.460100173950195,27.63599967956543,195157,27.63599967956543,2022-03-21 12:15:00
2022-03-21 12:30:00,27.61709976196289,27.61709976196289,26.920000076293945,27.190000534057617,481181,27.190000534057617,2022-03-21 12:30:00
2022-03-21 12:45:00,27.200000762939453,27.239999771118164,26.920000076293945,26.930500030517578,307516,26.930500030517578,2022-03-21 12:45:00
2022-03-21 13:00:00,26.93000030517578,27.077499389648438,26.8700008392334,26.979999542236328,312702,26.979999542236328,2022-03-21 13:00:00
2022-03-21 13:15:00,26.969999313354492,27.06999969482422,26.84000015258789,27.010000228881836,295910,27.010000228881836,2022-03-21 13:15:00
2022-03-21 13:30:00,27.01729965209961,27.08989906311035,26.81999969482422,26.889999389648438,212999,26.889999389648438,2022-03-21 13:30:00
2022-03-21 13:45:00,26.899999618530273,27.18000030517578,26.8700008392334,27.15999984741211,191411,27.15999984741211,2022-03-21 13:45:00
2022-03-21 14:00:00,27.169599533081055,27.229999542236328,26.940000534057617,27.079999923706055,218311,27.079999923706055,2022-03-21 14:00:00
2022-03-21 14:15:00,27.08009910583496,27.450000762939453,27.079999923706055,27.40999984741211,246686,27.40999984741211,2022-03-21 14:15:00
2022-03-21 14:30:00,27.40999984741211,27.579999923706055,27.31999969482422,27.510000228881836,305925,27.510000228881836,2022-03-21 14:30:00
2022-03-21 14:45:00,27.500099182128906,27.559999465942383,27.040000915527344,27.0447998046875,420961,27.0447998046875,2022-03-21 14:45:00
2022-03-21 15:00:00,27.040000915527344,27.354999542236328,27.010000228881836,27.329999923706055,458255,27.329999923706055,2022-03-21 15:00:00
2022-03-21 15:15:00,27.325000762939453,27.5,27.30500030517578,27.489999771118164,225604,27.489999771118164,2022-03-21 15:15:00
2022-03-21 15:30:00,27.5,27.559999465942383,27.420000076293945,27.485000610351562,541240,27.485000610351562,2022-03-21 15:30:00
2022-03-21 15:45:00,27.485000610351562,27.540000915527344,27.18000030517578,27.31999969482422,875795,27.31999969482422,2022-03-21 15:45:00
2022-03-22 09:30:00,28.116500854492188,28.540000915527344,27.799999237060547,28.03499984741211,1702720,28.03499984741211,2022-03-22 09:30:00
2022-03-22 09:45:00,28.037599563598633,28.260000228881836,27.610000610351562,28.02739906311035,872722,28.02739906311035,2022-03-22 09:45:00
2022-03-22 10:00:00,28.049999237060547,28.280000686645508,27.90999984741211,28.219499588012695,512926,28.219499588012695,2022-03-22 10:00:00
2022-03-22 10:15:00,28.219999313354492,28.71980094909668,28.079999923706055,28.59000015258789,1086394,28.59000015258789,2022-03-22 10:15:00
2022-03-22 10:30:00,28.614999771118164,28.8700008392334,28.579999923706055,28.809999465942383,822352,28.809999465942383,2022-03-22 10:30:00
2022-03-22 10:45:00,28.799999237060547,28.945100784301758,28.56999969482422,28.68000030517578,634001,28.68000030517578,2022-03-22 10:45:00
2022-03-22 11:00:00,28.684999465942383,28.75,28.5,28.540000915527344,552255,28.540000915527344,2022-03-22 11:00:00
2022-03-22 11:15:00,28.549999237060547,28.639999389648438,28.360000610351562,28.540000915527344,461926,28.540000915527344,2022-03-22 11:15:00
2022-03-22 11:30:00,28.530000686645508,28.954999923706055,28.389999389648438,28.81999969482422,468778,28.81999969482422,2022-03-22 11:30:00
2022-03-22 11:45:00,28.809999465942383,28.850000381469727,28.579999923706055,28.584999084472656,330917,28.584999084472656,2022-03-22 11:45:00
2022-03-22 12:00:00,28.59000015258789,28.829999923706055,28.490100860595703,28.674999237060547,419200,28.674999237060547,2022-03-22 12:00:00
2022-03-22 12:15:00,28.680500030517578,28.688600540161133,28.350000381469727,28.420000076293945,336040,28.420000076293945,2022-03-22 12:15:00
2022-03-22 12:30:00,28.420000076293945,28.580799102783203,28.260000228881836,28.559999465942383,375506,28.559999465942383,2022-03-22 12:30:00
2022-03-22 12:45:00,28.559999465942383,28.670000076293945,28.5,28.57349967956543,229480,28.57349967956543,2022-03-22 12:45:00
2022-03-22 13:00:00,28.575000762939453,28.84000015258789,28.462600708007812,28.84000015258789,269607,28.84000015258789,2022-03-22 13:00:00
2022-03-22 13:15:00,28.84000015258789,28.950000762939453,28.700000762939453,28.8799991607666,357708,28.8799991607666,2022-03-22 13:15:00
2022-03-22 13:30:00,28.889999389648438,29.190000534057617,28.889999389648438,29.079999923706055,478158,29.079999923706055,2022-03-22 13:30:00
2022-03-22 13:45:00,29.09000015258789,29.280000686645508,28.90999984741211,29.267000198364258,319420,29.267000198364258,2022-03-22 13:45:00
2022-03-22 14:00:00,29.270000457763672,29.270000457763672,29.110000610351562,29.135000228881836,222663,29.135000228881836,2022-03-22 14:00:00
2022-03-22 14:15:00,29.1299991607666,29.260000228881836,29.010000228881836,29.1200008392334,309089,29.1200008392334,2022-03-22 14:15:00
2022-03-22 14:30:00,29.1200008392334,29.239999771118164,28.991500854492188,29.139999389648438,402073,29.139999389648438,2022-03-22 14:30:00
2022-03-22 14:45:00,29.139999389648438,29.239999771118164,29.09000015258789,29.18000030517578,330333,29.18000030517578,2022-03-22 14:45:00
2022-03-22 15:00:00,29.15999984741211,29.270000457763672,29.030000686645508,29.21500015258789,379535,29.21500015258789,2022-03-22 15:00:00
2022-03-22 15:15:00,29.219999313354492,29.239999771118164,29.045000076293945,29.100000381469727,476039,29.100000381469727,2022-03-22 15:15:00
2022-03-22 15:30:00,29.100000381469727,29.15999984741211,29.0,29.110000610351562,564097,29.110000610351562,2022-03-22 15:30:00
2022-03-22 15:45:00,29.1200008392334,29.170000076293945,28.969999313354492,29.010000228881836,848441,29.010000228881836,2022-03-22 15:45:00
2022-03-23 09:30:00,28.1200008392334,29.399999618530273,28.0,29.293699264526367,1363355,29.293699264526367,2022-03-23 09:30:00
2022-03-23 09:45:00,29.299999237060547,29.31999969482422,28.190000534057617,28.219999313354492,1185303,28.219999313354492,2022-03-23 09:45:00
2022-03-23 10:00:00,28.219999313354492,28.290000915527344,27.81999969482422,28.075000762939453,852757,28.075000762939453,2022-03-23 10:00:00
2022-03-23 10:15:00,28.06999969482422,28.719999313354492,27.920000076293945,28.559999465942383,616903,28.559999465942383,2022-03-23 10:15:00
2022-03-23 10:30:00,28.56999969482422,29.040000915527344,28.530000686645508,28.834999084472656,487147,28.834999084472656,2022-03-23 10:30:00
2022-03-23 10:45:00,28.829999923706055,29.114999771118164,28.649999618530273,29.049999237060547,411340,29.049999237060547,2022-03-23 10:45:00
2022-03-23 11:00:00,29.049999237060547,29.3700008392334,29.014999389648438,29.34000015258789,521095,29.34000015258789,2022-03-23 11:00:00
2022-03-23 11:15:00,29.354999542236328,29.888599395751953,29.329999923706055,29.690000534057617,721275,29.690000534057617,2022-03-23 11:15:00
2022-03-23 11:30:00,29.690000534057617,30.086299896240234,29.600000381469727,29.940000534057617,830301,29.940000534057617,2022-03-23 11:30:00
2022-03-23 11:45:00,29.940000534057617,30.236400604248047,29.83009910583496,30.110000610351562,612343,30.110000610351562,2022-03-23 11:45:00
2022-03-23 12:00:00,30.100000381469727,30.110000610351562,29.530000686645508,29.700000762939453,466530,29.700000762939453,2022-03-23 12:00:00
2022-03-23 12:15:00,29.719999313354492,29.979999542236328,29.690000534057617,29.829999923706055,419299,29.829999923706055,2022-03-23 12:15:00
2022-03-23 12:30:00,29.829999923706055,29.850000381469727,29.579999923706055,29.59000015258789,432509,29.59000015258789,2022-03-23 12:30:00
2022-03-23 12:45:00,29.600000381469727,29.90999984741211,29.510000228881836,29.81999969482422,581497,29.81999969482422,2022-03-23 12:45:00
2022-03-23 13:00:00,29.82990074157715,29.895000457763672,29.559999465942383,29.71500015258789,326581,29.71500015258789,2022-03-23 13:00:00
2022-03-23 13:15:00,29.719999313354492,29.739999771118164,28.969999313354492,29.08370018005371,534907,29.08370018005371,2022-03-23 13:15:00
2022-03-23 13:30:00,29.059999465942383,29.329999923706055,29.04010009765625,29.1299991607666,245726,29.1299991607666,2022-03-23 13:30:00
2022-03-23 13:45:00,29.110000610351562,29.260000228881836,29.04640007019043,29.260000228881836,266359,29.260000228881836,2022-03-23 13:45:00
2022-03-23 14:00:00,29.25,29.280000686645508,28.934999465942383,29.020000457763672,545274,29.020000457763672,2022-03-23 14:00:00
2022-03-23 14:15:00,29.020000457763672,29.229999542236328,29.0,29.209999084472656,283890,29.209999084472656,2022-03-23 14:15:00
2022-03-23 14:30:00,29.209999084472656,29.3700008392334,29.149999618530273,29.298900604248047,144339,29.298900604248047,2022-03-23 14:30:00
2022-03-23 14:45:00,29.299999237060547,29.399999618530273,29.040000915527344,29.09000015258789,181069,29.09000015258789,2022-03-23 14:45:00
2022-03-23 15:00:00,29.09000015258789,29.15999984741211,28.950000762939453,29.049999237060547,330815,29.049999237060547,2022-03-23 15:00:00
2022-03-23 15:15:00,29.059999465942383,29.280000686645508,29.0,29.239999771118164,257390,29.239999771118164,2022-03-23 15:15:00
2022-03-23 15:30:00,29.229999542236328,29.315000534057617,29.06999969482422,29.200000762939453,504741,29.200000762939453,2022-03-23 15:30:00
2022-03-23 15:45:00,29.209999084472656,29.364999771118164,29.079999923706055,29.079999923706055,761819,29.079999923706055,2022-03-23 15:45:00
2022-03-24 09:30:00,29.079999923706055,29.260000228881836,28.110000610351562,29.010000228881836,1793125,29.010000228881836,2022-03-24 09:30:00
2022-03-24 09:45:00,29.010000228881836,29.010000228881836,27.82309913635254,27.8799991607666,1400324,27.8799991607666,2022-03-24 09:45:00
2022-03-24 10:00:00,27.885000228881836,28.549999237060547,27.809999465942383,27.8700008392334,788793,27.8700008392334,2022-03-24 10:00:00
2022-03-24 10:15:00,27.8700008392334,27.898799896240234,27.4060001373291,27.790000915527344,770358,27.790000915527344,2022-03-24 10:15:00
2022-03-24 10:30:00,27.780000686645508,27.940000534057617,27.662599563598633,27.829999923706055,853844,27.829999923706055,2022-03-24 10:30:00
2022-03-24 10:45:00,27.829999923706055,28.260000228881836,27.799999237060547,28.170000076293945,505352,28.170000076293945,2022-03-24 10:45:00
2022-03-24 11:00:00,28.18000030517578,28.520000457763672,28.1299991607666,28.459999084472656,474863,28.459999084472656,2022-03-24 11:00:00
2022-03-24 11:15:00,28.459999084472656,28.770000457763672,28.329999923706055,28.71500015258789,473648,28.71500015258789,2022-03-24 11:15:00
2022-03-24 11:30:00,28.719999313354492,28.969999313354492,28.719999313354492,28.920000076293945,328700,28.920000076293945,2022-03-24 11:30:00
2022-03-24 11:45:00,28.90999984741211,28.989999771118164,28.579999923706055,28.770000457763672,367851,28.770000457763672,2022-03-24 11:45:00
2022-03-24 12:00:00,28.760000228881836,28.844999313354492,28.51889991760254,28.830799102783203,243055,28.830799102783203,2022-03-24 12:00:00
2022-03-24 12:15:00,28.834999084472656,28.989999771118164,28.790000915527344,28.869300842285156,252506,28.869300842285156,2022-03-24 12:15:00
2022-03-24 12:30:00,28.860000610351562,28.940000534057617,28.68000030517578,28.829999923706055,209008,28.829999923706055,2022-03-24 12:30:00
2022-03-24 12:45:00,28.829999923706055,28.8799991607666,28.71500015258789,28.83970069885254,110073,28.83970069885254,2022-03-24 12:45:00
2022-03-24 13:00:00,28.834999084472656,29.079999923706055,28.825000762939453,28.979999542236328,279039,28.979999542236328,2022-03-24 13:00:00
2022-03-24 13:15:00,28.975000381469727,29.110000610351562,28.959999084472656,29.065000534057617,188454,29.065000534057617,2022-03-24 13:15:00
2022-03-24 13:30:00,29.06999969482422,29.165000915527344,29.049999237060547,29.139999389648438,190856,29.139999389648438,2022-03-24 13:30:00
2022-03-24 13:45:00,29.139999389648438,29.15999984741211,28.9685001373291,29.06999969482422,142624,29.06999969482422,2022-03-24 13:45:00
2022-03-24 14:00:00,29.059999465942383,29.179899215698242,28.8700008392334,28.90999984741211,227645,28.90999984741211,2022-03-24 14:00:00
2022-03-24 14:15:00,28.90999984741211,29.020000457763672,28.829999923706055,29.020000457763672,238566,29.020000457763672,2022-03-24 14:15:00
2022-03-24 14:30:00,29.010000228881836,29.049999237060547,28.854999542236328,28.93000030517578,170809,28.93000030517578,2022-03-24 14:30:00
2022-03-24 14:45:00,28.940000534057617,29.021299362182617,28.889999389648438,28.989999771118164,122155,28.989999771118164,2022-03-24 14:45:00
2022-03-24 15:00:00,29.0,29.030000686645508,28.924999237060547,28.989999771118164,175707,28.989999771118164,2022-03-24 15:00:00
2022-03-24 15:15:00,28.989999771118164,29.079999923706055,28.905000686645508,29.0,195628,29.0,2022-03-24 15:15:00
2022-03-24 15:30:00,29.010000228881836,29.139999389648438,28.8700008392334,29.1299991607666,378871,29.1299991607666,2022-03-24 15:30:00
2022-03-24 15:45:00,29.139999389648438,29.270000457763672,29.059999465942383,29.270000457763672,697461,29.270000457763672,2022-03-24 15:45:00
2022-03-25 09:30:00,27.5,28.190000534057617,27.350000381469727,27.729999542236328,2346962,27.729999542236328,2022-03-25 09:30:00
2022-03-25 09:45:00,27.70199966430664,27.87980079650879,27.209999084472656,27.260000228881836,1268832,27.260000228881836,2022-03-25 09:45:00
2022-03-25 10:00:00,27.264999389648438,27.29199981689453,26.700000762939453,26.920000076293945,1300897,26.920000076293945,2022-03-25 10:00:00
2022-03-25 10:15:00,26.90999984741211,26.959999084472656,26.700000762939453,26.770000457763672,568040,26.770000457763672,2022-03-25 10:15:00
2022-03-25 10:30:00,26.777099609375,27.389999389648438,26.709999084472656,27.309999465942383,742430,27.309999465942383,2022-03-25 10:30:00
2022-03-25 10:45:00,27.30500030517578,27.489999771118164,26.969999313354492,27.16320037841797,633707,27.16320037841797,2022-03-25 10:45:00
2022-03-25 11:00:00,27.15999984741211,27.200000762939453,26.760000228881836,26.760000228881836,570522,26.760000228881836,2022-03-25 11:00:00
2022-03-25 11:15:00,26.760000228881836,26.93000030517578,26.450000762939453,26.559999465942383,572989,26.559999465942383,2022-03-25 11:15:00
2022-03-25 11:30:00,26.530000686645508,26.780000686645508,26.459999084472656,26.7450008392334,414106,26.7450008392334,2022-03-25 11:30:00
2022-03-25 11:45:00,26.75,26.84000015258789,26.510000228881836,26.559999465942383,295688,26.559999465942383,2022-03-25 11:45:00
2022-03-25 12:00:00,26.549999237060547,26.860000610351562,26.530000686645508,26.809999465942383,262036,26.809999465942383,2022-03-25 12:00:00
2022-03-25 12:15:00,26.799999237060547,26.8700008392334,26.697799682617188,26.799999237060547,167375,26.799999237060547,2022-03-25 12:15:00
2022-03-25 12:30:00,26.795000076293945,26.809999465942383,26.600000381469727,26.69890022277832,262402,26.69890022277832,2022-03-25 12:30:00
2022-03-25 12:45:00,26.719999313354492,26.950000762939453,26.70009994506836,26.770000457763672,204160,26.770000457763672,2022-03-25 12:45:00
2022-03-25 13:00:00,26.780000686645508,26.84000015258789,26.709999084472656,26.75,177395,26.75,2022-03-25 13:00:00
2022-03-25 13:15:00,26.739999771118164,26.83799934387207,26.6299991607666,26.684999465942383,195448,26.684999465942383,2022-03-25 13:15:00
2022-03-25 13:30:00,26.690000534057617,26.709999084472656,26.600000381469727,26.68000030517578,166414,26.68000030517578,2022-03-25 13:30:00
2022-03-25 13:45:00,26.68000030517578,26.889999389648438,26.649999618530273,26.84000015258789,270885,26.84000015258789,2022-03-25 13:45:00
2022-03-25 14:00:00,26.84000015258789,26.989999771118164,26.799999237060547,26.937000274658203,228858,26.937000274658203,2022-03-25 14:00:00
2022-03-25 14:15:00,26.940099716186523,26.946399688720703,26.809999465942383,26.81999969482422,180115,26.81999969482422,2022-03-25 14:15:00
2022-03-25 14:30:00,26.815000534057617,26.940000534057617,26.809999465942383,26.93000030517578,252013,26.93000030517578,2022-03-25 14:30:00
2022-03-25 14:45:00,26.940000534057617,27.0,26.825000762939453,26.920000076293945,317033,26.920000076293945,2022-03-25 14:45:00
2022-03-25 15:00:00,26.93000030517578,26.989999771118164,26.799999237060547,26.844999313354492,317832,26.844999313354492,2022-03-25 15:00:00
2022-03-25 15:15:00,26.84000015258789,26.875,26.549999237060547,26.645000457763672,331109,26.645000457763672,2022-03-25 15:15:00
2022-03-25 15:30:00,26.639999389648438,26.969999313354492,26.59000015258789,26.93000030517578,548910,26.93000030517578,2022-03-25 15:30:00
2022-03-25 15:45:00,26.940000534057617,27.114999771118164,26.915000915527344,27.03499984741211,1049905,27.03499984741211,2022-03-25 15:45:00
2022-03-28 09:30:00,27.3799991607666,28.15999984741211,27.1200008392334,27.819900512695312,3979521,27.819900512695312,2022-03-28 09:30:00
2022-03-28 09:45:00,27.81999969482422,28.100000381469727,27.299999237060547,27.459999084472656,1595349,27.459999084472656,2022-03-28 09:45:00
2022-03-28 10:00:00,27.46470069885254,27.46470069885254,26.610000610351562,26.902999877929688,1724564,26.902999877929688,2022-03-28 10:00:00
2022-03-28 10:15:00,26.8700008392334,26.8700008392334,26.270000457763672,26.477100372314453,1193962,26.477100372314453,2022-03-28 10:15:00
2022-03-28 10:30:00,26.475000381469727,26.6200008392334,26.079999923706055,26.34000015258789,842889,26.34000015258789,2022-03-28 10:30:00
2022-03-28 10:45:00,26.389999389648438,26.670000076293945,26.389999389648438,26.559999465942383,575134,26.559999465942383,2022-03-28 10:45:00
2022-03-28 11:00:00,26.600000381469727,26.6200008392334,26.32080078125,26.45989990234375,634016,26.45989990234375,2022-03-28 11:00:00
2022-03-28 11:15:00,26.450000762939453,26.530000686645508,26.399999618530273,26.520000457763672,470705,26.520000457763672,2022-03-28 11:15:00
2022-03-28 11:30:00,26.510000228881836,26.531999588012695,26.309999465942383,26.489999771118164,399633,26.489999771118164,2022-03-28 11:30:00
2022-03-28 11:45:00,26.489999771118164,26.520000457763672,26.399999618530273,26.479999542236328,300639,26.479999542236328,2022-03-28 11:45:00
2022-03-28 12:00:00,26.485000610351562,26.549999237060547,26.25,26.280000686645508,433935,26.280000686645508,2022-03-28 12:00:00
2022-03-28 12:15:00,26.280000686645508,26.454999923706055,26.18000030517578,26.36989974975586,334605,26.36989974975586,2022-03-28 12:15:00
2022-03-28 12:30:00,26.360000610351562,26.450000762939453,26.329999923706055,26.420000076293945,219727,26.420000076293945,2022-03-28 12:30:00
2022-03-28 12:45:00,26.420000076293945,26.549999237060547,26.31999969482422,26.520000457763672,265835,26.520000457763672,2022-03-28 12:45:00
2022-03-28 13:00:00,26.520000457763672,26.6299991607666,26.47010040283203,26.622499465942383,333813,26.622499465942383,2022-03-28 13:00:00
2022-03-28 13:15:00,26.639999389648438,26.850000381469727,26.559999465942383,26.790000915527344,531379,26.790000915527344,2022-03-28 13:15:00
2022-03-28 13:30:00,26.790000915527344,26.850000381469727,26.655000686645508,26.68000030517578,300556,26.68000030517578,2022-03-28 13:30:00
2022-03-28 13:45:00,26.690000534057617,26.790000915527344,26.649999618530273,26.735000610351562,239097,26.735000610351562,2022-03-28 13:45:00
2022-03-28 14:00:00,26.729999542236328,26.78499984741211,26.649999618530273,26.670000076293945,255828,26.670000076293945,2022-03-28 14:00:00
2022-03-28 14:15:00,26.661399841308594,26.790000915527344,26.610000610351562,26.75,204734,26.75,2022-03-28 14:15:00
2022-03-28 14:30:00,26.739999771118164,26.760000228881836,26.639999389648438,26.709999084472656,246464,26.709999084472656,2022-03-28 14:30:00
2022-03-28 14:45:00,26.718000411987305,26.825000762939453,26.690000534057617,26.818899154663086,341808,26.818899154663086,2022-03-28 14:45:00
2022-03-28 15:00:00,26.81999969482422,26.8799991607666,26.75,26.799999237060547,339776,26.799999237060547,2022-03-28 15:00:00
2022-03-28 15:15:00,26.790000915527344,27.028799057006836,26.780099868774414,26.959999084472656,571351,26.959999084472656,2022-03-28 15:15:00
2022-03-28 15:30:00,26.959999084472656,27.020000457763672,26.809999465942383,26.969999313354492,355166,26.969999313354492,2022-03-28 15:30:00
2022-03-28 15:45:00,26.960100173950195,27.149999618530273,26.93000030517578,27.149999618530273,1070801,27.149999618530273,2022-03-28 15:45:00
2022-03-29 09:30:00,27.834999084472656,28.239999771118164,27.6299991607666,28.0,2567245,28.0,2022-03-29 09:30:00
2022-03-29 09:45:00,27.979999542236328,28.190000534057617,27.594999313354492,28.15999984741211,1194097,28.15999984741211,2022-03-29 09:45:00
2022-03-29 10:00:00,28.150999069213867,28.229999542236328,27.280000686645508,27.389999389648438,1202467,27.389999389648438,2022-03-29 10:00:00
2022-03-29 10:15:00,27.389999389648438,27.55579948425293,27.239999771118164,27.47960090637207,675924,27.47960090637207,2022-03-29 10:15:00
2022-03-29 10:30:00,27.469999313354492,27.81999969482422,27.31999969482422,27.81999969482422,573199,27.81999969482422,2022-03-29 10:30:00
2022-03-29 10:45:00,27.84000015258789,27.979999542236328,27.649999618530273,27.799999237060547,430112,27.799999237060547,2022-03-29 10:45:00
2022-03-29 11:00:00,27.799999237060547,27.81999969482422,27.559999465942383,27.770000457763672,367589,27.770000457763672,2022-03-29 11:00:00
2022-03-29 11:15:00,27.78969955444336,28.108600616455078,27.68000030517578,27.979999542236328,422754,27.979999542236328,2022-03-29 11:15:00
2022-03-29 11:30:00,27.979999542236328,28.020000457763672,27.780000686645508,28.00469970703125,268295,28.00469970703125,2022-03-29 11:30:00
2022-03-29 11:45:00,28.010000228881836,28.040000915527344,27.795000076293945,27.829999923706055,189507,27.829999923706055,2022-03-29 11:45:00
2022-03-29 12:00:00,27.829999923706055,27.917999267578125,27.621400833129883,27.8799991607666,260713,27.8799991607666,2022-03-29 12:00:00
2022-03-29 12:15:00,27.8799991607666,28.059999465942383,27.860000610351562,27.954999923706055,438423,27.954999923706055,2022-03-29 12:15:00
2022-03-29 12:30:00,27.950000762939453,28.040000915527344,27.760000228881836,28.020000457763672,248828,28.020000457763672,2022-03-29 12:30:00
2022-03-29 12:45:00,28.020000457763672,28.190000534057617,28.0,28.190000534057617,288746,28.190000534057617,2022-03-29 12:45:00
2022-03-29 13:00:00,28.18400001525879,28.190000534057617,27.829999923706055,28.139999389648438,406654,28.139999389648438,2022-03-29 13:00:00
2022-03-29 13:15:00,28.139999389648438,28.229999542236328,28.110000610351562,28.149999618530273,289932,28.149999618530273,2022-03-29 13:15:00
2022-03-29 13:30:00,28.149999618530273,28.235000610351562,28.1299991607666,28.225000381469727,294288,28.225000381469727,2022-03-29 13:30:00
2022-03-29 13:45:00,28.225000381469727,28.520000457763672,28.19499969482422,28.489999771118164,552989,28.489999771118164,2022-03-29 13:45:00
2022-03-29 14:00:00,28.4950008392334,28.565000534057617,28.40839958190918,28.459999084472656,221847,28.459999084472656,2022-03-29 14:00:00
2022-03-29 14:15:00,28.459999084472656,28.475000381469727,28.260000228881836,28.434999465942383,212012,28.434999465942383,2022-03-29 14:15:00
2022-03-29 14:30:00,28.43000030517578,28.469999313354492,28.31999969482422,28.395000457763672,233397,28.395000457763672,2022-03-29 14:30:00
2022-03-29 14:45:00,28.385000228881836,28.399999618530273,28.229999542236328,28.26580047607422,231647,28.26580047607422,2022-03-29 14:45:00
2022-03-29 15:00:00,28.270000457763672,28.290000915527344,28.110000610351562,28.149999618530273,316224,28.149999618530273,2022-03-29 15:00:00
2022-03-29 15:15:00,28.149999618530273,28.170000076293945,28.0,28.045000076293945,337182,28.045000076293945,2022-03-29 15:15:00
2022-03-29 15:30:00,28.045000076293945,28.299999237060547,28.040000915527344,28.264999389648438,381642,28.264999389648438,2022-03-29 15:30:00
2022-03-29 15:45:00,28.260000228881836,28.34000015258789,28.139999389648438,28.200000762939453,844143,28.200000762939453,2022-03-29 15:45:00
2022-03-30 09:30:00,28.885000228881836,29.93000030517578,28.690000534057617,29.829999923706055,2407419,29.829999923706055,2022-03-30 09:30:00
2022-03-30 09:45:00,29.810400009155273,30.760000228881836,29.729999542236328,30.700000762939453,1693426,30.700000762939453,2022-03-30 09:45:00
2022-03-30 10:00:00,30.706300735473633,30.950000762939453,30.219999313354492,30.610000610351562,2038637,30.610000610351562,2022-03-30 10:00:00
2022-03-30 10:15:00,30.609100341796875,30.780000686645508,30.15999984741211,30.649999618530273,942320,30.649999618530273,2022-03-30 10:15:00
2022-03-30 10:30:00,30.65999984741211,30.774999618530273,30.43000030517578,30.520000457763672,730228,30.520000457763672,2022-03-30 10:30:00
2022-03-30 10:45:00,30.524999618530273,30.690000534057617,30.200000762939453,30.229999542236328,615504,30.229999542236328,2022-03-30 10:45:00
2022-03-30 11:00:00,30.229999542236328,30.31999969482422,30.010000228881836,30.190000534057617,643795,30.190000534057617,2022-03-30 11:00:00
2022-03-30 11:15:00,30.190000534057617,30.329999923706055,29.90999984741211,29.90999984741211,621918,29.90999984741211,2022-03-30 11:15:00
2022-03-30 11:30:00,29.920000076293945,30.239999771118164,29.850000381469727,29.989999771118164,610104,29.989999771118164,2022-03-30 11:30:00
2022-03-30 11:45:00,29.985000610351562,30.190000534057617,29.950000762939453,30.073699951171875,245253,30.073699951171875,2022-03-30 11:45:00
2022-03-30 12:00:00,30.079999923706055,30.100000381469727,29.719999313354492,29.815200805664062,348828,29.815200805664062,2022-03-30 12:00:00
2022-03-30 12:15:00,29.81999969482422,29.951200485229492,29.770000457763672,29.874500274658203,219326,29.874500274658203,2022-03-30 12:15:00
2022-03-30 12:30:00,29.8799991607666,29.8799991607666,29.55500030517578,29.55500030517578,313079,29.55500030517578,2022-03-30 12:30:00
2022-03-30 12:45:00,29.56999969482422,29.649999618530273,29.260000228881836,29.579999923706055,760330,29.579999923706055,2022-03-30 12:45:00
2022-03-30 13:00:00,29.579999923706055,29.585500717163086,29.219999313354492,29.350000381469727,460211,29.350000381469727,2022-03-30 13:00:00
2022-03-30 13:15:00,29.354999542236328,29.375600814819336,28.917999267578125,29.045000076293945,612819,29.045000076293945,2022-03-30 13:15:00
2022-03-30 13:30:00,29.040000915527344,29.229999542236328,28.809999465942383,28.815000534057617,414051,28.815000534057617,2022-03-30 13:30:00
2022-03-30 13:45:00,28.809999465942383,28.969999313354492,28.709999084472656,28.780000686645508,374893,28.780000686645508,2022-03-30 13:45:00
2022-03-30 14:00:00,28.774999618530273,28.8700008392334,28.559999465942383,28.56999969482422,381813,28.56999969482422,2022-03-30 14:00:00
2022-03-30 14:15:00,28.559999465942383,28.625,28.389999389648438,28.600000381469727,473264,28.600000381469727,2022-03-30 14:15:00
2022-03-30 14:30:00,28.599199295043945,28.799800872802734,28.510000228881836,28.559999465942383,349917,28.559999465942383,2022-03-30 14:30:00
2022-03-30 14:45:00,28.57069969177246,28.684999465942383,28.5,28.58989906311035,235163,28.58989906311035,2022-03-30 14:45:00
2022-03-30 15:00:00,28.579999923706055,28.625,28.40999984741211,28.625,311809,28.625,2022-03-30 15:00:00
2022-03-30 15:15:00,28.625,28.65999984741211,28.360000610351562,28.489999771118164,345144,28.489999771118164,2022-03-30 15:15:00
2022-03-30 15:30:00,28.485000610351562,28.65999984741211,28.354999542236328,28.37660026550293,448799,28.37660026550293,2022-03-30 15:30:00
2022-03-30 15:45:00,28.375,28.579999923706055,28.329999923706055,28.440000534057617,1303356,28.440000534057617,2022-03-30 15:45:00
2022-03-31 09:30:00,28.459999084472656,28.520000457763672,27.200000762939453,27.56999969482422,1476036,27.56999969482422,2022-03-31 09:30:00
2022-03-31 09:45:00,27.579999923706055,27.920000076293945,27.219999313354492,27.610000610351562,1036355,27.610000610351562,2022-03-31 09:45:00
2022-03-31 10:00:00,27.600000381469727,27.61520004272461,27.270000457763672,27.559999465942383,625568,27.559999465942383,2022-03-31 10:00:00
2022-03-31 10:15:00,27.540000915527344,27.809999465942383,27.489999771118164,27.579999923706055,377122,27.579999923706055,2022-03-31 10:15:00
2022-03-31 10:30:00,27.579999923706055,27.760000228881836,27.375,27.540000915527344,310419,27.540000915527344,2022-03-31 10:30:00
2022-03-31 10:45:00,27.530000686645508,28.0,27.489999771118164,27.959999084472656,391628,27.959999084472656,2022-03-31 10:45:00
2022-03-31 11:00:00,27.959999084472656,28.01729965209961,27.68000030517578,27.76799964904785,354313,27.76799964904785,2022-03-31 11:00:00
2022-03-31 11:15:00,27.781299591064453,27.8700008392334,27.549999237060547,27.639999389648438,201721,27.639999389648438,2022-03-31 11:15:00
2022-03-31 11:30:00,27.6200008392334,27.75,27.479999542236328,27.53499984741211,220671,27.53499984741211,2022-03-31 11:30:00
2022-03-31 11:45:00,27.540000915527344,27.709999084472656,27.469999313354492,27.700000762939453,143715,27.700000762939453,2022-03-31 11:45:00
2022-03-31 12:00:00,27.690000534057617,27.709999084472656,27.55940055847168,27.575000762939453,181919,27.575000762939453,2022-03-31 12:00:00
2022-03-31 12:15:00,27.56999969482422,27.729999542236328,27.549999237060547,27.670000076293945,222523,27.670000076293945,2022-03-31 12:15:00
2022-03-31 12:30:00,27.68000030517578,27.799999237060547,27.630300521850586,27.739999771118164,158167,27.739999771118164,2022-03-31 12:30:00
2022-03-31 12:45:00,27.7450008392334,27.773300170898438,27.584999084472656,27.6200008392334,261400,27.6200008392334,2022-03-31 12:45:00
2022-03-31 13:00:00,27.6200008392334,27.690000534057617,27.592899322509766,27.610000610351562,146776,27.610000610351562,2022-03-31 13:00:00
2022-03-31 13:15:00,27.604999542236328,27.649999618530273,27.489999771118164,27.600000381469727,157829,27.600000381469727,2022-03-31 13:15:00
2022-03-31 13:30:00,27.610000610351562,27.610000610351562,27.479999542236328,27.545000076293945,114034,27.545000076293945,2022-03-31 13:30:00
2022-03-31 13:45:00,27.549999237060547,27.729999542236328,27.549999237060547,27.650100708007812,131082,27.650100708007812,2022-03-31 13:45:00
2022-03-31 14:00:00,27.639999389648438,27.649999618530273,27.450000762939453,27.514999389648438,136958,27.514999389648438,2022-03-31 14:00:00
2022-03-31 14:15:00,27.510000228881836,27.760299682617188,27.4950008392334,27.709999084472656,129130,27.709999084472656,2022-03-31 14:15:00
2022-03-31 14:30:00,27.719999313354492,27.850000381469727,27.68000030517578,27.825000762939453,93081,27.825000762939453,2022-03-31 14:30:00
2022-03-31 14:45:00,27.825000762939453,27.920000076293945,27.790000915527344,27.885000228881836,164196,27.885000228881836,2022-03-31 14:45:00
2022-03-31 15:00:00,27.889999389648438,28.075000762939453,27.854999542236328,27.920900344848633,229694,27.920900344848633,2022-03-31 15:00:00
2022-03-31 15:15:00,27.920400619506836,27.940000534057617,27.780000686645508,27.829999923706055,183235,27.829999923706055,2022-03-31 15:15:00
2022-03-31 15:30:00,27.81999969482422,27.844999313354492,27.719999313354492,27.809999465942383,225970,27.809999465942383,2022-03-31 15:30:00
2022-03-31 15:45:00,27.809999465942383,27.969999313354492,27.56999969482422,27.600000381469727,823717,27.600000381469727,2022-03-31 15:45:00
2022-04-01 09:30:00,30.0,30.149999618530273,29.280000686645508,29.625,3232966,29.625,2022-04-01 09:30:00
2022-04-01 09:45:00,29.590099334716797,29.68000030517578,28.75079917907715,29.42930030822754,1496389,29.42930030822754,2022-04-01 09:45:00
2022-04-01 10:00:00,29.400100708007812,29.59000015258789,29.103300094604492,29.479999542236328,860307,29.479999542236328,2022-04-01 10:00:00
2022-04-01 10:15:00,29.489999771118164,29.799999237060547,29.149999618530273,29.6299991607666,844302,29.6299991607666,2022-04-01 10:15:00
2022-04-01 10:30:00,29.65999984741211,29.69499969482422,29.260000228881836,29.509899139404297,476452,29.509899139404297,2022-04-01 10:30:00
2022-04-01 10:45:00,29.510000228881836,29.829999923706055,29.440000534057617,29.600000381469727,514873,29.600000381469727,2022-04-01 10:45:00
2022-04-01 11:00:00,29.591299057006836,29.68000030517578,29.350000381469727,29.532400131225586,487574,29.532400131225586,2022-04-01 11:00:00
2022-04-01 11:15:00,29.520000457763672,29.540000915527344,29.15999984741211,29.219999313354492,344492,29.219999313354492,2022-04-01 11:15:00
2022-04-01 11:30:00,29.219999313354492,29.239999771118164,28.774999618530273,28.90999984741211,599342,28.90999984741211,2022-04-01 11:30:00
2022-04-01 11:45:00,28.893800735473633,28.999900817871094,28.469999313354492,28.556699752807617,491719,28.556699752807617,2022-04-01 11:45:00
2022-04-01 12:00:00,28.540000915527344,28.700000762939453,28.459999084472656,28.54960060119629,304206,28.54960060119629,2022-04-01 12:00:00
2022-04-01 12:15:00,28.540000915527344,28.6299991607666,28.31999969482422,28.6299991607666,298349,28.6299991607666,2022-04-01 12:15:00
2022-04-01 12:30:00,28.614999771118164,28.647600173950195,28.40999984741211,28.58289909362793,247055,28.58289909362793,2022-04-01 12:30:00
2022-04-01 12:45:00,28.58690071105957,28.6200008392334,28.479999542236328,28.509899139404297,173212,28.509899139404297,2022-04-01 12:45:00
2022-04-01 13:00:00,28.5,28.540700912475586,28.280000686645508,28.280000686645508,223830,28.280000686645508,2022-04-01 13:00:00
2022-04-01 13:15:00,28.270000457763672,28.559999465942383,28.229999542236328,28.3700008392334,351802,28.3700008392334,2022-04-01 13:15:00
2022-04-01 13:30:00,28.364999771118164,28.6200008392334,28.360000610351562,28.540000915527344,248543,28.540000915527344,2022-04-01 13:30:00
2022-04-01 13:45:00,28.530000686645508,28.530000686645508,28.40999984741211,28.479999542236328,151742,28.479999542236328,2022-04-01 13:45:00
2022-04-01 14:00:00,28.469999313354492,28.5,28.31999969482422,28.399999618530273,188746,28.399999618530273,2022-04-01 14:00:00
2022-04-01 14:15:00,28.43000030517578,28.540000915527344,28.389999389648438,28.440000534057617,197251,28.440000534057617,2022-04-01 14:15:00
2022-04-01 14:30:00,28.450000762939453,28.524999618530273,28.3799991607666,28.459999084472656,160529,28.459999084472656,2022-04-01 14:30:00
2022-04-01 14:45:00,28.46500015258789,28.5,28.323400497436523,28.398000717163086,171618,28.398000717163086,2022-04-01 14:45:00
2022-04-01 15:00:00,28.40999984741211,28.78730010986328,28.40999984741211,28.770000457763672,284890,28.770000457763672,2022-04-01 15:00:00
2022-04-01 15:15:00,28.770000457763672,28.790000915527344,28.559999465942383,28.65999984741211,309063,28.65999984741211,2022-04-01 15:15:00
2022-04-01 15:30:00,28.65999984741211,28.93000030517578,28.6299991607666,28.790000915527344,426165,28.790000915527344,2022-04-01 15:30:00
2022-04-01 15:45:00,28.790000915527344,29.18000030517578,28.790000915527344,29.18000030517578,1151470,29.18000030517578,2022-04-01 15:45:00
2022-04-04 09:30:00,30.3799991607666,31.079999923706055,29.940000534057617,30.850000381469727,3063896,30.850000381469727,2022-04-04 09:30:00
2022-04-04 09:45:00,30.88010025024414,31.17620086669922,30.475000381469727,30.729999542236328,1032078,30.729999542236328,2022-04-04 09:45:00
2022-04-04 10:00:00,30.729999542236328,30.940000534057617,30.43000030517578,30.700000762939453,638491,30.700000762939453,2022-04-04 10:00:00
2022-04-04 10:15:00,30.709999084472656,30.790000915527344,30.280000686645508,30.528600692749023,681950,30.528600692749023,2022-04-04 10:15:00
2022-04-04 10:30:00,30.520000457763672,30.860000610351562,30.329999923706055,30.82469940185547,587578,30.82469940185547,2022-04-04 10:30:00
2022-04-04 10:45:00,30.850000381469727,31.25,30.820100784301758,31.110000610351562,979533,31.110000610351562,2022-04-04 10:45:00
2022-04-04 11:00:00,31.104999542236328,31.450000762939453,31.09000015258789,31.315000534057617,849332,31.315000534057617,2022-04-04 11:00:00
2022-04-04 11:15:00,31.324899673461914,31.43000030517578,31.100000381469727,31.309999465942383,585275,31.309999465942383,2022-04-04 11:15:00
2022-04-04 11:30:00,31.31999969482422,31.489999771118164,31.31999969482422,31.329999923706055,395000,31.329999923706055,2022-04-04 11:30:00
2022-04-04 11:45:00,31.34000015258789,31.540000915527344,31.239999771118164,31.334999084472656,523417,31.334999084472656,2022-04-04 11:45:00
2022-04-04 12:00:00,31.334999084472656,31.391599655151367,31.18000030517578,31.309999465942383,320000,31.309999465942383,2022-04-04 12:00:00
2022-04-04 12:15:00,31.309999465942383,31.31999969482422,31.190000534057617,31.270000457763672,186478,31.270000457763672,2022-04-04 12:15:00
2022-04-04 12:30:00,31.27050018310547,31.450000762939453,31.27050018310547,31.364999771118164,227271,31.364999771118164,2022-04-04 12:30:00
2022-04-04 12:45:00,31.351299285888672,31.559999465942383,31.290000915527344,31.530000686645508,323028,31.530000686645508,2022-04-04 12:45:00
2022-04-04 13:00:00,31.530399322509766,31.559999465942383,31.3700008392334,31.5,304335,31.5,2022-04-04 13:00:00
2022-04-04 13:15:00,31.489999771118164,31.559999465942383,31.2810001373291,31.31999969482422,207883,31.31999969482422,2022-04-04 13:15:00
2022-04-04 13:30:00,31.34000015258789,31.350000381469727,30.8799991607666,31.200000762939453,431114,31.200000762939453,2022-04-04 13:30:00
2022-04-04 13:45:00,31.200000762939453,31.34000015258789,31.060800552368164,31.11989974975586,214673,31.11989974975586,2022-04-04 13:45:00
2022-04-04 14:00:00,31.1200008392334,31.225000381469727,30.952999114990234,31.225000381469727,178108,31.225000381469727,2022-04-04 14:00:00
2022-04-04 14:15:00,31.219999313354492,31.43000030517578,31.195199966430664,31.38170051574707,190655,31.38170051574707,2022-04-04 14:15:00
2022-04-04 14:30:00,31.3700008392334,31.540000915527344,31.3700008392334,31.5,322565,31.5,2022-04-04 14:30:00
2022-04-04 14:45:00,31.489999771118164,31.540000915527344,31.37969970703125,31.459999084472656,202986,31.459999084472656,2022-04-04 14:45:00
2022-04-04 15:00:00,31.459999084472656,31.5,31.360000610351562,31.440000534057617,223198,31.440000534057617,2022-04-04 15:00:00
2022-04-04 15:15:00,31.440000534057617,31.5,31.239999771118164,31.270000457763672,268272,31.270000457763672,2022-04-04 15:15:00
2022-04-04 15:30:00,31.264999389648438,31.360000610351562,31.15999984741211,31.19499969482422,337402,31.19499969482422,2022-04-04 15:30:00
2022-04-04 15:45:00,31.190000534057617,31.40999984741211,31.18000030517578,31.399999618530273,920233,31.399999618530273,2022-04-04 15:45:00
2022-04-05 09:30:00,31.0,31.3799991607666,30.050100326538086,30.15999984741211,1930438,30.15999984741211,2022-04-05 09:30:00
2022-04-05 09:45:00,30.183399200439453,30.440000534057617,29.8799991607666,30.420000076293945,1024459,30.420000076293945,2022-04-05 09:45:00
2022-04-05 10:00:00,30.420299530029297,30.445899963378906,29.8799991607666,29.93000030517578,698418,29.93000030517578,2022-04-05 10:00:00
2022-04-05 10:15:00,29.90999984741211,30.110000610351562,29.770000457763672,29.90999984741211,507563,29.90999984741211,2022-04-05 10:15:00
2022-04-05 10:30:00,29.899999618530273,30.055299758911133,29.56170082092285,29.56999969482422,408311,29.56999969482422,2022-04-05 10:30:00
2022-04-05 10:45:00,29.559999465942383,29.770000457763672,29.524999618530273,29.645000457763672,400910,29.645000457763672,2022-04-05 10:45:00
2022-04-05 11:00:00,29.649999618530273,29.989999771118164,29.639999389648438,29.889999389648438,404312,29.889999389648438,2022-04-05 11:00:00
2022-04-05 11:15:00,29.8799991607666,29.950000762939453,29.649999618530273,29.68000030517578,226937,29.68000030517578,2022-04-05 11:15:00
2022-04-05 11:30:00,29.68000030517578,29.709999084472656,29.530000686645508,29.56999969482422,436974,29.56999969482422,2022-04-05 11:30:00
2022-04-05 11:45:00,29.559999465942383,29.649999618530273,29.514999389648438,29.600000381469727,338940,29.600000381469727,2022-04-05 11:45:00
2022-04-05 12:00:00,29.594999313354492,29.719999313354492,29.524999618530273,29.540000915527344,196217,29.540000915527344,2022-04-05 12:00:00
2022-04-05 12:15:00,29.540000915527344,29.579999923706055,29.299999237060547,29.40999984741211,450146,29.40999984741211,2022-04-05 12:15:00
2022-04-05 12:30:00,29.40999984741211,29.6200008392334,29.399999618530273,29.479999542236328,164417,29.479999542236328,2022-04-05 12:30:00
2022-04-05 12:45:00,29.489999771118164,29.610000610351562,29.424999237060547,29.56999969482422,203424,29.56999969482422,2022-04-05 12:45:00
2022-04-05 13:00:00,29.579999923706055,29.760000228881836,29.530000686645508,29.739999771118164,207249,29.739999771118164,2022-04-05 13:00:00
2022-04-05 13:15:00,29.745399475097656,29.770000457763672,29.6200008392334,29.68000030517578,200259,29.68000030517578,2022-04-05 13:15:00
2022-04-05 13:30:00,29.670000076293945,29.719999313354492,29.610000610351562,29.649999618530273,185739,29.649999618530273,2022-04-05 13:30:00
2022-04-05 13:45:00,29.649999618530273,29.649999618530273,29.46500015258789,29.479999542236328,164589,29.479999542236328,2022-04-05 13:45:00
2022-04-05 14:00:00,29.479999542236328,29.649999618530273,29.420000076293945,29.639999389648438,156925,29.639999389648438,2022-04-05 14:00:00
2022-04-05 14:15:00,29.6200008392334,29.7450008392334,29.540000915527344,29.575000762939453,130711,29.575000762939453,2022-04-05 14:15:00
2022-04-05 14:30:00,29.578699111938477,29.889999389648438,29.520000457763672,29.889999389648438,203049,29.889999389648438,2022-04-05 14:30:00
2022-04-05 14:45:00,29.889999389648438,29.969999313354492,29.764999389648438,29.770000457763672,177567,29.770000457763672,2022-04-05 14:45:00
2022-04-05 15:00:00,29.770000457763672,29.829999923706055,29.5,29.530000686645508,224556,29.530000686645508,2022-04-05 15:00:00
2022-04-05 15:15:00,29.530000686645508,29.59000015258789,29.420000076293945,29.43000030517578,302114,29.43000030517578,2022-04-05 15:15:00
2022-04-05 15:30:00,29.420900344848633,29.540000915527344,29.3799991607666,29.440000534057617,296269,29.440000534057617,2022-04-05 15:30:00
2022-04-05 15:45:00,29.44499969482422,29.59000015258789,29.3700008392334,29.40999984741211,686858,29.40999984741211,2022-04-05 15:45:00
2022-04-06 09:30:00,28.399999618530273,28.540000915527344,27.8799991607666,27.9950008392334,1617105,27.9950008392334,2022-04-06 09:30:00
2022-04-06 09:45:00,28.0,28.100000381469727,27.760000228881836,27.790000915527344,521473,27.790000915527344,2022-04-06 09:45:00
2022-04-06 10:00:00,27.764999389648438,28.059999465942383,27.540000915527344,28.040000915527344,596739,28.040000915527344,2022-04-06 10:00:00
2022-04-06 10:15:00,28.045799255371094,28.280000686645508,27.950000762939453,27.989999771118164,605533,27.989999771118164,2022-04-06 10:15:00
2022-04-06 10:30:00,27.979999542236328,28.559999465942383,27.979999542236328,28.559999465942383,552495,28.559999465942383,2022-04-06 10:30:00
2022-04-06 10:45:00,28.540000915527344,28.584999084472656,28.338699340820312,28.420000076293945,245956,28.420000076293945,2022-04-06 10:45:00
2022-04-06 11:00:00,28.40999984741211,28.531200408935547,28.309999465942383,28.450000762939453,245311,28.450000762939453,2022-04-06 11:00:00
2022-04-06 11:15:00,28.459999084472656,28.510000228881836,28.290000915527344,28.489999771118164,201287,28.489999771118164,2022-04-06 11:15:00
2022-04-06 11:30:00,28.5,28.53860092163086,28.31999969482422,28.479999542236328,227819,28.479999542236328,2022-04-06 11:30:00
2022-04-06 11:45:00,28.479999542236328,28.55500030517578,28.350000381469727,28.459999084472656,175695,28.459999084472656,2022-04-06 11:45:00
2022-04-06 12:00:00,28.459999084472656,28.470699310302734,28.28499984741211,28.325000762939453,110756,28.325000762939453,2022-04-06 12:00:00
2022-04-06 12:15:00,28.328800201416016,28.329999923706055,28.211299896240234,28.25,88089,28.25,2022-04-06 12:15:00
2022-04-06 12:30:00,28.229999542236328,28.34000015258789,28.209999084472656,28.229999542236328,93536,28.229999542236328,2022-04-06 12:30:00
2022-04-06 12:45:00,28.239999771118164,28.364999771118164,28.18000030517578,28.31999969482422,94338,28.31999969482422,2022-04-06 12:45:00
2022-04-06 13:00:00,28.309999465942383,28.454999923706055,28.30500030517578,28.325000762939453,159448,28.325000762939453,2022-04-06 13:00:00
2022-04-06 13:15:00,28.325000762939453,28.639999389648438,28.299999237060547,28.59000015258789,211298,28.59000015258789,2022-04-06 13:15:00
2022-04-06 13:30:00,28.600000381469727,28.8799991607666,28.510000228881836,28.834999084472656,250289,28.834999084472656,2022-04-06 13:30:00
2022-04-06 13:45:00,28.829999923706055,28.8700008392334,28.65999984741211,28.68000030517578,268242,28.68000030517578,2022-04-06 13:45:00
2022-04-06 14:00:00,28.68000030517578,28.959999084472656,28.440000534057617,28.450000762939453,340443,28.450000762939453,2022-04-06 14:00:00
2022-04-06 14:15:00,28.440000534057617,28.639999389648438,28.31999969482422,28.540000915527344,260426,28.540000915527344,2022-04-06 14:15:00
2022-04-06 14:30:00,28.579999923706055,28.899999618530273,28.540000915527344,28.809999465942383,374583,28.809999465942383,2022-04-06 14:30:00
2022-04-06 14:45:00,28.799999237060547,29.100000381469727,28.690000534057617,29.079999923706055,332946,29.079999923706055,2022-04-06 14:45:00
2022-04-06 15:00:00,29.090499877929688,29.239999771118164,29.0,29.079999923706055,285598,29.079999923706055,2022-04-06 15:00:00
2022-04-06 15:15:00,29.09000015258789,29.170000076293945,28.790000915527344,28.81999969482422,130786,28.81999969482422,2022-04-06 15:15:00
2022-04-06 15:30:00,28.799999237060547,28.932300567626953,28.690000534057617,28.929100036621094,158576,28.929100036621094,2022-04-06 15:30:00
2022-04-06 15:45:00,28.920000076293945,29.079999923706055,28.889999389648438,28.950000762939453,604716,28.950000762939453,2022-04-06 15:45:00
2022-04-07 09:30:00,28.799999237060547,29.005599975585938,28.1299991607666,28.1299991607666,1218149,28.1299991607666,2022-04-07 09:30:00
2022-04-07 09:45:00,28.139999389648438,28.450000762939453,27.809999465942383,28.350000381469727,589755,28.350000381469727,2022-04-07 09:45:00
2022-04-07 10:00:00,28.360000610351562,28.489999771118164,28.030000686645508,28.309999465942383,318262,28.309999465942383,2022-04-07 10:00:00
2022-04-07 10:15:00,28.299999237060547,28.3700008392334,27.943899154663086,28.250499725341797,278558,28.250499725341797,2022-04-07 10:15:00
2022-04-07 10:30:00,28.25,28.579999923706055,28.049999237060547,28.049999237060547,221661,28.049999237060547,2022-04-07 10:30:00
2022-04-07 10:45:00,28.059999465942383,28.110000610351562,27.920000076293945,27.931499481201172,245810,27.931499481201172,2022-04-07 10:45:00
2022-04-07 11:00:00,27.920000076293945,28.09000015258789,27.655000686645508,27.690000534057617,421204,27.690000534057617,2022-04-07 11:00:00
2022-04-07 11:15:00,27.690000534057617,27.700000762939453,27.530000686645508,27.589500427246094,353938,27.589500427246094,2022-04-07 11:15:00
2022-04-07 11:30:00,27.59000015258789,27.670000076293945,27.459999084472656,27.540000915527344,332613,27.540000915527344,2022-04-07 11:30:00
2022-04-07 11:45:00,27.549999237060547,27.700000762939453,27.3799991607666,27.469999313354492,457406,27.469999313354492,2022-04-07 11:45:00
2022-04-07 12:00:00,27.459999084472656,27.530000686645508,27.299999237060547,27.436199188232422,195243,27.436199188232422,2022-04-07 12:00:00
2022-04-07 12:15:00,27.440000534057617,27.510000228881836,27.321800231933594,27.420000076293945,213682,27.420000076293945,2022-04-07 12:15:00
2022-04-07 12:30:00,27.424999237060547,27.479999542236328,27.170000076293945,27.18000030517578,233707,27.18000030517578,2022-04-07 12:30:00
2022-04-07 12:45:00,27.174999237060547,27.489999771118164,27.1200008392334,27.479999542236328,186336,27.479999542236328,2022-04-07 12:45:00
2022-04-07 13:00:00,27.479999542236328,27.719999313354492,27.469999313354492,27.719999313354492,179662,27.719999313354492,2022-04-07 13:00:00
2022-04-07 13:15:00,27.719999313354492,27.920000076293945,27.56999969482422,27.899999618530273,237497,27.899999618530273,2022-04-07 13:15:00
2022-04-07 13:30:00,27.90999984741211,28.0,27.75,27.764999389648438,218777,27.764999389648438,2022-04-07 13:30:00
2022-04-07 13:45:00,27.7549991607666,27.966299057006836,27.570600509643555,27.93000030517578,153404,27.93000030517578,2022-04-07 13:45:00
2022-04-07 14:00:00,27.940000534057617,28.010000228881836,27.84000015258789,27.886699676513672,135468,27.886699676513672,2022-04-07 14:00:00
2022-04-07 14:15:00,27.885000228881836,28.049999237060547,27.731000900268555,27.940000534057617,142225,27.940000534057617,2022-04-07 14:15:00
2022-04-07 14:30:00,27.93000030517578,27.989999771118164,27.829999923706055,27.899999618530273,112705,27.899999618530273,2022-04-07 14:30:00
2022-04-07 14:45:00,27.895000457763672,28.15999984741211,27.825000762939453,28.1299991607666,151848,28.1299991607666,2022-04-07 14:45:00
2022-04-07 15:00:00,28.100000381469727,28.309999465942383,28.100000381469727,28.299999237060547,205837,28.299999237060547,2022-04-07 15:00:00
2022-04-07 15:15:00,28.295000076293945,28.399999618530273,28.174999237060547,28.299999237060547,227743,28.299999237060547,2022-04-07 15:15:00
2022-04-07 15:30:00,28.295000076293945,28.450000762939453,28.280000686645508,28.395000457763672,300551,28.395000457763672,2022-04-07 15:30:00
2022-04-07 15:45:00,28.395000457763672,28.434999465942383,28.139999389648438,28.139999389648438,717884,28.139999389648438,2022-04-07 15:45:00
2022-04-08 09:30:00,27.860000610351562,27.968799591064453,27.170000076293945,27.731599807739258,845573,27.731599807739258,2022-04-08 09:30:00
2022-04-08 09:45:00,27.700000762939453,28.059999465942383,27.299999237060547,27.299999237060547,414404,27.299999237060547,2022-04-08 09:45:00
2022-04-08 10:00:00,27.299999237060547,27.399999618530273,26.93000030517578,27.1200008392334,695176,27.1200008392334,2022-04-08 10:00:00
2022-04-08 10:15:00,27.1299991607666,27.889999389648438,27.010000228881836,27.850000381469727,514802,27.850000381469727,2022-04-08 10:15:00
2022-04-08 10:30:00,27.840099334716797,27.8700008392334,27.530000686645508,27.56999969482422,370510,27.56999969482422,2022-04-08 10:30:00
2022-04-08 10:45:00,27.56559944152832,27.610000610351562,27.239999771118164,27.3700008392334,306705,27.3700008392334,2022-04-08 10:45:00
2022-04-08 11:00:00,27.389999389648438,27.729999542236328,27.309999465942383,27.690000534057617,226772,27.690000534057617,2022-04-08 11:00:00
2022-04-08 11:15:00,27.709999084472656,27.719999313354492,27.440000534057617,27.459999084472656,147758,27.459999084472656,2022-04-08 11:15:00
2022-04-08 11:30:00,27.459999084472656,27.600000381469727,27.329999923706055,27.489999771118164,129039,27.489999771118164,2022-04-08 11:30:00
2022-04-08 11:45:00,27.489999771118164,27.600000381469727,27.43280029296875,27.479999542236328,103820,27.479999542236328,2022-04-08 11:45:00
2022-04-08 12:00:00,27.459999084472656,27.510000228881836,27.329999923706055,27.405000686645508,138359,27.405000686645508,2022-04-08 12:00:00
2022-04-08 12:15:00,27.40999984741211,27.639999389648438,27.3700008392334,27.6200008392334,119251,27.6200008392334,2022-04-08 12:15:00
2022-04-08 12:30:00,27.610000610351562,27.709999084472656,27.549999237060547,27.66160011291504,139723,27.66160011291504,2022-04-08 12:30:00
2022-04-08 12:45:00,27.649999618530273,27.769699096679688,27.639999389648438,27.700000762939453,104308,27.700000762939453,2022-04-08 12:45:00
2022-04-08 13:00:00,27.700000762939453,27.700000762939453,27.459999084472656,27.510000228881836,104816,27.510000228881836,2022-04-08 13:00:00
2022-04-08 13:15:00,27.510000228881836,27.579999923706055,27.399999618530273,27.420000076293945,113207,27.420000076293945,2022-04-08 13:15:00
2022-04-08 13:30:00,27.424999237060547,27.424999237060547,27.25,27.299999237060547,124772,27.299999237060547,2022-04-08 13:30:00
2022-04-08 13:45:00,27.309999465942383,27.479999542236328,27.270000457763672,27.375,122902,27.375,2022-04-08 13:45:00
2022-04-08 14:00:00,27.3700008392334,27.489999771118164,27.334999084472656,27.479999542236328,123147,27.479999542236328,2022-04-08 14:00:00
2022-04-08 14:15:00,27.489999771118164,27.5049991607666,27.280000686645508,27.290000915527344,125918,27.290000915527344,2022-04-08 14:15:00
2022-04-08 14:30:00,27.280000686645508,27.360000610351562,27.200000762939453,27.299999237060547,158666,27.299999237060547,2022-04-08 14:30:00
2022-04-08 14:45:00,27.309900283813477,27.469999313354492,27.309900283813477,27.415000915527344,127079,27.415000915527344,2022-04-08 14:45:00
2022-04-08 15:00:00,27.40999984741211,27.530000686645508,27.3700008392334,27.479999542236328,119844,27.479999542236328,2022-04-08 15:00:00
2022-04-08 15:15:00,27.469999313354492,27.5,27.350000381469727,27.3700008392334,129457,27.3700008392334,2022-04-08 15:15:00
2022-04-08 15:30:00,27.3700008392334,27.385000228881836,27.2450008392334,27.34000015258789,200127,27.34000015258789,2022-04-08 15:30:00
2022-04-08 15:45:00,27.329999923706055,27.344999313354492,27.149999618530273,27.200000762939453,608476,27.200000762939453,2022-04-08 15:45:00
2022-04-08 16:00:00,27.190000534057617,27.190000534057617,27.190000534057617,27.190000534057617,0,27.190000534057617,2022-04-08 16:00:00
